#REPLACE,0,0,0,0,0,0,0,0,LOS in tiles/10 (so 50 means 5 tiles),LOS to infantry in cover/10,0,0,0,0,0,0,0,0,0,0,0,0,0,0,Sound effect played on an impact,0,0,0,Total men in unit,Relative size of unit - minimum size of normal units is 200. Light Foot and Light Horse units should not exceed 300. Dragoons should not exceed 400 but are normally 300. Commanded Shot should not exceed 300 but are normally 200.,"0 = Unarm, 100=Arm, 200 = Heav Arm, 300 - Fully Arm. Adjust to proportions in unit",,,Whether these should be kept in reserve at the back of the deployment,Combat Capabilities (% of unit that has them),,,,,,,,,,,,,,,,,,,Defined here only so that they are available before INIT_UnitData() is called. Values from Squads.csv will not necessarily  be used - should be set at zero,,,,,,,,,,,,,,,,,,,,,,,,,,,,,,,,,,,,,,,,,,
Name,ID,Madeby,SoundBank,Type,IconID,ManCount,IconSIze,IconHeight,LOS,CoverLOS,Cost,DeathAngle,ViewFlags,AP,Speed,MoveCost,FireDirectionOffset,AssetFilename,Morale,Transport,CanBeCarried,Blocking,ScoutRange,HE_TileDamage,SFXImpact,Shots,AmbushSkill,TurnRate,TotalMen,UnitSize,BodyArmour,Experience,Elan,Reserve,Light_Artillery,Heavy_Artillery,Handgun,Bombs,Bow,Longbow,Crossbow,Sling,Javelins,Darts,Heavy_Lancers,Light_Lancers,Impact_Foot,Pike,Heavy_Weapon,Offensive_Spearmen,Defensive_Spearmen,Light_Spear,Swordsmen,MoraleState,Attacking,SeasonalMultiplier,Startdate,Endate,General,UnitScaling,ShaderValue,BannerHeight,3DViewZoom,3DViewHeight,##0,##1,##2,##3,Mixed,Stakes,Gunpowder,Placeholder,,,,,,,,,,,,,,,,,,,,,,,,
Pike,0,Allies,2,Heavy_Foot,Pikes,16,60,25,200,20,72,0,1,10,600,1,0,Pike,100,0,0,0,1,0,-1,1,0,200,960,1200,50,100,100,0,0,0,0,0,0,0,0,0,0,0,0,0,0,100,0,0,0,0,0,0,0,100,,,-1,0,3,-100,18.2,620,,Pike_Vet,,,0,0,0,0,,,,,,,,,,,,,,,,,,,,,,,,
Pike_Vet,1,Allies,2,Heavy_Foot,Pikes,16,60,25,200,20,96,0,1,10,600,1,0,Pike_Vet,100,0,0,0,1,0,-1,1,0,200,960,1200,50,200,200,0,0,0,0,0,0,0,0,0,0,0,0,0,0,100,0,0,0,0,0,0,0,100,,,-1,0,3,-100,18,620,,,,,0,0,0,0,,,,,,,,,,,,,,,,,,,,,,,,
Pike_Raw,2,Allies,2,Heavy_Foot,Pikes,16,60,25,200,20,48,0,1,10,600,1,0,pike_raw,100,0,0,0,1,0,-1,1,0,200,960,1200,50,50,50,0,0,0,0,0,0,0,0,0,0,0,0,0,0,100,0,0,0,0,0,0,0,100,,,-1,0,3,-100,17.8,620,,Pike,,,0,0,0,0,,,,,,,,,,,,,,,,,,,,,,,,
Thureophoroi,3,Allies,2,Medium_Foot,Pikes,8,60,25,200,20,42,0,1,10,600,1,0,Thureophoroi,100,0,0,0,1,0,-1,1,0,200,480,600,50,100,100,0,0,0,0,0,0,0,0,0,0,0,0,0,0,0,0,100,0,0,0,0,0,100,,,-1,2600,3,-100,4.5,275,,,,,0,0,0,0,,,,,,,,,,,,,,,,,,,,,,,,
Thureophoroi_Raw,4,Allies,2,Medium_Foot,Pikes,8,60,25,200,20,30,0,1,10,600,1,0,Thureophoroi_Raw,100,0,0,0,1,0,-1,1,0,200,480,600,50,50,50,0,0,0,0,0,0,0,0,0,0,0,0,0,0,0,0,100,0,0,0,0,0,100,,,-1,2600,3,-100,4.5,275,,Thureophoroi,,,0,0,0,0,,,,,,,,,,,,,,,,,,,,,,,,
Light_Archers,5,Allies,2,Light_Foot,ArchersTurkish,4,60,25,200,20,30,0,1,12,600,1,0,light_archers,100,0,0,0,0,0,-1,1,0,200,240,300,0,100,100,0,0,0,0,0,100,0,0,0,0,0,0,0,0,0,0,0,0,0,0,0,0,100,,,-1,2600,3,-100,4.5,275,,,,,0,0,0,0,,,,,,,,,,,,,,,,,,,,,,,,
Cretan_Archers,6,Allies,2,Light_Foot,ArchersTurkish,4,60,25,200,20,39,0,1,12,600,1,0,cretan_archers,100,0,0,0,0,0,-1,1,0,200,240,300,0,200,200,0,0,0,0,0,100,0,0,0,0,0,0,0,0,0,0,0,0,0,0,0,0,100,,,-1,2600,3,-100,4.5,275,,,,,0,0,0,0,,,,,,,,,,,,,,,,,,,,,,,,
Light_Slingers,7,Allies,2,Light_Foot,ArchersTurkish,4,60,25,200,20,27,0,1,12,600,1,0,slingers_light,100,0,0,0,0,0,-1,1,0,200,240,300,0,100,100,0,0,0,0,0,0,0,0,100,0,0,0,0,0,0,0,0,0,0,0,0,0,100,,,-1,2600,3,-100,4.5,275,,,,,0,0,0,0,,,,,,,,,,,,,,,,,,,,,,,,
Balearic_Slingers,8,Allies,2,Light_Foot,ArchersTurkish,4,60,25,200,20,36,0,1,12,600,1,0,slingers_balearic,100,0,0,0,0,0,-1,1,0,200,240,300,0,200,200,0,0,0,0,0,0,0,0,100,0,0,0,0,0,0,0,0,0,0,0,0,0,100,,,-1,2600,3,-100,4.5,275,,,,,0,0,0,0,,,,,,,,,,,,,,,,,,,,,,,,
Levy_Psiloi,9,Allies,2,Light_Foot,ArchersTurkish,4,60,25,200,20,20,0,1,12,600,1,0,levy_psiloi,100,0,0,0,0,0,-1,1,0,200,240,300,0,50,50,0,0,0,0,0,34,0,0,33,33,0,0,0,0,0,0,0,0,33,0,0,0,100,,,-1,2600,3,-100,4.5,275,,,,,0,0,0,0,,,,,,,,,,,,,,,,,,,,,,,,
Light_Javelins,10,Allies,2,Light_Foot,ArchersTurkish,4,60,25,200,20,24,0,1,12,600,1,0,light_javelins,100,0,0,0,0,0,-1,1,0,200,240,300,0,100,100,0,0,0,0,0,0,0,0,0,100,0,0,0,0,0,0,0,0,100,0,0,0,100,,,-1,2600,3,-100,4.5,275,,,,,0,0,0,0,,,,,,,,,,,,,,,,,,,,,,,,
Xystophoroi,11,Allies,2,Cavalry,NonLightLancers,5,60,25,200,20,64,0,2,16,900,1,0,xystophoroi,100,0,0,0,1,0,-1,1,0,200,240,400,100,200,200,0,0,0,0,0,0,0,0,0,0,0,0,100,0,0,0,0,0,0,100,0,0,100,,,-1,0,1,-100,21,800,,,,,0,0,0,0,,,,,,,,,,,,,,,,,,,,,,,,
Cataphracts,12,Allies,2,Cataphracts,Gendarmes,4,60,25,200,20,68,0,2,12,900,1,0,Cataphract,100,0,0,0,1,0,-1,1,0,200,240,400,300,200,200,0,0,0,0,0,0,0,0,0,0,0,0,100,0,0,0,0,0,0,100,0,0,100,,,-1,0,1,-100,21,800,,,,,0,0,0,0,,,,,,,,,,,,,,,,,,,,,,,,
Thorakitai,13,Allies,2,Medium_Foot,Pikes,8,60,25,200,20,51,0,1,10,600,1,0,Thorakitai,100,0,0,0,1,0,-1,1,0,200,480,600,100,100,100,0,0,0,0,0,0,0,0,0,0,0,0,0,0,0,0,100,0,0,0,0,0,100,,,-1,2600,3,-100,4.5,275,,,,,0,0,0,0,,,,,,,,,,,,,,,,,,,,,,,,
Nomad_LH,14,Allies,2,Light_Horse,HorseArchers,2,60,25,200,20,36,0,2,20,1100,1,0,nomad_LH,100,0,0,0,1,0,-1,1,0,200,120,200,0,100,100,0,0,0,0,0,100,0,0,0,0,0,0,0,0,0,0,0,0,0,100,0,0,100,,,-1,0,1,-100,21,800,,,,,0,0,0,0,,,,,,,,,,,,,,,,,,,,,,,,
LH_Bow,15,Allies,2,Light_Horse,HorseArchers,2,60,25,200,20,28,0,2,20,1100,1,0,LH_bow,100,0,0,0,1,0,-1,1,0,200,120,200,0,100,100,0,0,0,0,0,100,0,0,0,0,0,0,0,0,0,0,0,0,0,0,0,0,100,,,-1,0,1,-100,21,800,,,,,0,0,0,0,,,,,,,,,,,,,,,,,,,,,,,,
Thracians,16,Allies,2,Medium_Foot,Pikes,8,60,25,200,20,45,0,1,10,600,1,0,thracians,100,0,0,0,1,0,-1,1,0,200,480,600,50,125,125,0,0,0,0,0,0,0,0,0,0,0,0,0,0,0,100,0,0,0,0,0,0,100,,,-1,0,3,-100,18,620,,,,,0,0,0,0,,,,,,,,,,,,,,,,,,,,,,,,
Hillmen,17,Allies,2,Medium_Foot,Pikes,8,60,25,200,20,30,0,1,10,600,1,0,hillmen,100,0,0,0,1,0,-1,1,0,200,480,600,25,100,100,0,0,0,0,0,0,0,0,0,0,0,0,0,0,0,0,0,0,100,50,0,0,100,,,-1,2600,3,-100,4.5,275,,,,,0,0,0,0,,,,,,,,,,,,,,,,,,,,,,,,
LH_Javelin,18,Allies,2,Light_Horse,Jinetes,2,60,25,200,20,24,0,2,20,1100,1,0,LH_Javelins,100,0,0,0,1,0,-1,1,0,200,120,200,0,100,100,0,0,0,0,0,0,0,0,0,100,0,0,0,0,0,0,0,0,100,0,0,0,100,,,-1,0,1,-100,21,800,,,,,0,0,0,0,,,,,,,,,,,,,,,,,,,,,,,,
Elephants,19,Allies,2,Elephants,Elephants,1,60,38,200,20,60,0,2,12,600,1,0,elephant,100,0,0,0,1,0,-1,1,0,200,20,400,0,100,100,0,0,0,0,0,0,0,0,0,0,0,0,0,0,0,0,0,0,0,0,0,0,100,,,-1,2600,0,100,16,550,,,,,0,0,0,0,,,,,,,,,,,,,,,,,,,,,,,,
Levies,20,Allies,2,Mob,PoorlyArmedLevies,12,60,25,200,20,15,0,1,10,600,1,0,levy,100,0,0,0,0,0,-1,1,0,200,1024,750,0,0,0,0,0,0,0,0,0,0,0,0,0,0,0,0,0,0,0,0,0,0,0,0,0,100,,,-1,0,3,-100,18,620,,,,,0,0,0,0,,,,,,,,,,,,,,,,,,,,,,,,
Noble_Cavalry_Arm,21,Allies,2,Cavalry,Jinetes,4,60,25,200,20,60,0,2,16,900,1,0,noble_cavalry_arm,100,0,0,0,1,0,-1,1,0,200,240,400,100,200,200,0,0,0,0,0,0,0,0,0,0,0,0,0,0,0,0,0,0,100,100,0,0,100,,,-1,0,1,-100,21,800,,,,,0,0,0,0,,,,,,,,,,,,,,,,,,,,,,,,
Noble_Cavalry_Prot,22,Allies,2,Cavalry,Jinetes,4,60,25,200,20,44,0,2,16,900,1,0,noble_cavalry_prot,100,0,0,0,1,0,-1,1,0,200,240,400,50,200,200,0,0,0,0,0,0,0,0,0,0,0,0,0,0,0,0,0,0,100,100,0,0,100,,,-1,0,1,-100,21,800,,,,,0,0,0,0,,,,,,,,,,,,,,,,,,,,,,,,
Superior_Warband,23,Allies,2,Undrilled_Heavy_Foot,Pikes,12,60,25,200,20,75,0,1,10,600,1,0,superior_warband,100,0,0,0,1,0,-1,1,0,200,720,900,50,200,200,0,0,0,0,0,0,0,0,0,0,0,0,0,100,0,0,0,0,0,100,0,0,100,,,-1,2600,3,-100,4.5,275,,,,,0,0,0,0,,,,,,,,,,,,,,,,,,,,,,,,
Heavy_Artillery,24,Allies,2,Artillery,Artillery,1,60,25,200,20,40,0,1,6,300,1,0,heavy_artillery,100,0,1,0,0,0,-1,1,0,200,100,200,0,100,100,0,0,100,0,0,0,0,0,0,0,0,0,0,0,0,0,0,0,0,0,0,0,100,,,-1,2500,0,100,18,300,,,,,0,0,0,0,,,,,,,,,,,,,,,,,,,,,,,,
Light_Artillery,25,Allies,2,Light_Artillery,Artillery,1,60,25,200,20,30,0,1,10,300,1,0,Light_Artillery,100,0,1,0,0,0,-1,1,0,200,100,200,0,100,100,0,100,0,0,0,0,0,0,0,0,0,0,0,0,0,0,0,0,0,0,0,0,100,,,-1,2500,0,110,15,250,,,,,0,0,0,0,,,,,,,,,,,,,,,,,,,,,,,,
Arab_Camelry,26,Allies,2,Camelry,HorseArchersTurkish,4,60,25,200,20,46,0,2,16,600,1,0,arab_camelry,100,0,0,0,1,0,-1,1,0,200,240,400,0,100,100,0,0,0,0,0,100,0,0,0,0,0,0,0,0,0,0,0,0,0,100,0,0,100,,,-1,0,1,-100,25,900,,,,,0,0,0,0,,,,,,,,,,,,,,,,,,,,,,,,
Hast_Princ,27,Allies,2,Heavy_Foot,Pikes,8,60,25,200,20,61,0,1,10,600,1,0,hast_princ,100,0,0,0,1,0,-1,1,0,200,480,600,75,150,150,0,0,0,0,0,0,0,0,0,0,0,0,0,100,0,0,0,0,0,100,0,0,100,,,-1,2500,3,-100,4.5,275,,Hast_Princ_Vet,,,0,0,0,0,,,,,,,,,,,,,,,,,,,,,,,,
Hast_Princ_Vet,28,Allies,2,Heavy_Foot,Pikes,8,60,25,200,20,78,0,1,10,600,1,0,hast_princ_vet,100,0,0,0,1,0,-1,1,0,200,480,600,100,200,200,0,0,0,0,0,0,0,0,0,0,0,0,0,100,0,0,0,0,0,100,0,0,100,,,-1,2500,3,-100,4.5,275,,,,,0,0,0,0,,,,,,,,,,,,,,,,,,,,,,,,
Raw_Legionaries,29,Allies,2,Heavy_Foot,Pikes,8,60,25,200,20,30,0,1,10,600,1,0,legionaries_raw,100,0,0,0,1,0,-1,1,0,200,480,600,50,50,50,0,0,0,0,0,0,0,0,0,0,0,0,0,100,0,0,0,0,0,100,0,0,100,,,-1,2500,3,-100,4.5,275,,Slack_Legionaries,,,0,0,0,0,,,,,,,,,,,,,,,,,,,,,,,,
Triarii,30,Allies,2,Heavy_Foot,Pikes,4,60,25,200,20,43,0,1,10,600,1,0,triarii,100,0,0,0,1,0,-1,1,0,200,240,300,100,250,250,1,0,0,0,0,0,0,0,0,0,0,0,0,0,0,0,100,0,0,0,0,0,100,,,-1,0,3,-100,18,620,,,,,0,0,0,0,,,,,,,,,,,,,,,,,,,,,,,,
Velites,31,Allies,2,Light_Foot,ArchersTurkish,4,60,25,200,20,30,0,1,12,600,1,0,velites,100,0,0,0,0,0,-1,1,0,200,240,300,25,100,100,0,0,0,0,0,0,0,0,0,100,0,0,0,0,0,0,0,0,100,50,0,0,100,,,-1,2500,3,-100,4.5,275,,,,,0,0,0,0,,,,,,,,,,,,,,,,,,,,,,,,
Armoured_Cavalry,32,Allies,2,Cavalry,Jinetes,4,60,25,200,20,40,0,2,16,900,1,0,armoured_cavalry,100,0,0,0,1,0,-1,1,0,200,240,400,100,100,100,0,0,0,0,0,0,0,0,0,0,0,0,0,0,0,0,0,0,100,100,0,0,100,,,-1,0,1,-100,21,800,,Rom_vet_cavalry,,,0,0,0,0,,,,,,,,,,,,,,,,,,,,,,,,
Italian_Foot,33,Allies,2,Medium_Foot,Pikes,8,60,25,200,20,36,0,1,10,600,1,0,italian_foot,100,0,0,0,1,0,-1,1,0,200,480,600,50,100,100,0,0,0,0,0,0,0,0,0,0,0,0,0,0,0,0,0,0,100,100,0,0,100,,,-1,2500,3,-100,4.5,275,,Bruttian_Veterans,,,0,0,0,0,,,,,,,,,,,,,,,,,,,,,,,,
Spanish_Scutarii,34,Allies,2,Medium_Foot,Pikes,8,60,25,200,20,42,0,1,10,600,1,0,spanish_scutarii,100,0,0,0,1,0,-1,1,0,200,480,600,50,100,100,0,0,0,0,0,0,0,0,0,0,0,0,0,100,0,0,0,0,0,100,0,0,100,,,-1,2500,3,-100,4.5,275,,,,,0,0,0,0,,,,,,,,,,,,,,,,,,,,,,,,
Warband,35,Allies,2,Undrilled_Heavy_Foot,Pikes,12,60,25,200,20,55,0,1,10,600,1,0,warband,100,0,0,0,1,0,-1,1,0,200,720,900,50,100,100,0,0,0,0,0,0,0,0,0,0,0,0,0,100,0,0,0,0,0,100,0,0,100,,,-1,2500,3,-100,4.5,275,,Superior_Warband,,,0,0,0,0,,,,,,,,,,,,,,,,,,,,,,,,
African_Spearmen,36,Allies,2,Heavy_Foot,Pikes,8,60,25,200,20,48,0,1,10,600,1,0,African_Spearmen,100,0,0,0,1,0,-1,1,0,200,480,600,50,100,100,0,0,0,0,0,0,0,0,0,0,0,0,0,0,0,0,100,0,0,0,0,0,100,,,-1,2500,3,-100,4.5,275,,Vet_African_Spearmen,,,0,0,0,0,,,,,,,,,,,,,,,,,,,,,,,,
Merc_Hoplites,37,Allies,2,Heavy_Foot,Pikes,8,60,25,200,20,48,0,1,10,600,1,0,Hoplites_mercenary,100,0,0,0,1,0,-1,1,0,200,480,600,50,100,100,0,0,0,0,0,0,0,0,0,0,0,0,0,0,0,0,100,0,0,0,0,0,100,,,-1,2500,3,-100,4.5,275,,Vet_Hoplites,,,0,0,0,0,,,,,,,,,,,,,,,,,,,,,,,,
Vet_Arm_Cavalry,38,Allies,2,Cavalry,Jinetes,4,60,25,200,20,60,0,2,16,900,1,0,vet_arm_cavalry,100,0,0,0,1,0,-1,1,0,200,240,400,100,200,200,0,0,0,0,0,0,0,0,0,0,0,0,0,0,0,0,0,0,100,100,0,0,100,,,-1,0,1,-100,21,800,,,,,0,0,0,0,,,,,,,,,,,,,,,,,,,,,,,,
Poeni_Foot,39,Allies,2,Medium_Foot,Pikes,8,60,25,200,20,33,0,1,10,600,1,0,poeni_foot,100,0,0,0,1,0,-1,1,0,200,480,600,50,50,150,0,0,0,0,0,0,0,0,0,0,0,0,0,0,0,0,0,0,100,100,0,0,100,,,-1,2500,3,-100,4.5,275,,,,,0,0,0,0,,,,,,,,,,,,,,,,,,,,,,,,
Imitation_Legion,40,Allies,2,Heavy_Foot,Pikes,8,60,25,200,20,51,0,1,10,600,1,0,imitation_legion,100,0,0,0,1,0,-1,1,0,200,480,600,75,100,100,0,0,0,0,0,0,0,0,0,0,0,0,0,100,0,0,0,0,0,100,0,0,100,,,-1,2500,3,-100,4.5,275,,,,,0,0,0,0,,,,,,,,,,,,,,,,,,,,,,,,
Rom_Argyraspids,41,Allies,2,Heavy_Foot,Pikes,8,60,25,200,20,78,0,1,10,600,1,0,rom_argyraspids,100,0,0,0,1,0,-1,1,0,200,480,600,100,200,200,0,0,0,0,0,0,0,0,0,0,0,0,0,100,0,0,0,0,0,100,0,0,100,,,-1,2500,3,-100,4.5,275,,,,,0,0,0,0,,,,,,,,,,,,,,,,,,,,,,,,
Slack_Legionaries,43,Allies,2,Heavy_Foot,Pikes,8,60,25,200,20,54,0,1,10,600,1,0,legionaries_slack,100,0,0,0,1,0,-1,1,0,200,480,600,100,100,100,0,0,0,0,0,0,0,0,0,0,0,0,0,100,0,0,0,0,0,100,0,0,100,,,-1,2500,3,-100,4.5,275,,Legionary_LRepub,,,0,0,0,0,,,,,,,,,,,,,,,,,,,,,,,,
Vet_Legionaries,44,Allies,2,Heavy_Foot,Pikes,8,60,25,200,20,96,0,1,10,600,1,0,Legionaries_vet,100,0,0,0,1,0,-1,1,0,200,480,600,100,300,300,0,0,0,0,0,0,0,0,0,0,0,0,0,100,0,0,0,0,0,100,0,0,100,,,-1,2500,3,-100,4.5,275,,,,,0,0,0,0,,,,,,,,,,,,,,,,,,,,,,,,
Medium_Warband,48,Allies,2,Warriors,Pikes,12,60,25,200,20,55,0,1,10,600,1,0,medium_warband,100,0,0,0,1,0,-1,1,0,200,720,900,50,100,100,0,0,0,0,0,0,0,0,0,0,0,0,0,100,0,0,0,0,0,100,0,0,100,,,-1,2500,3,-100,4.5,275,,Med_Sup_Warband,,,0,0,0,0,,,,,,,,,,,,,,,,,,,,,,,,
Med_Sup_Warband,49,Allies,2,Warriors,Pikes,12,60,25,200,20,75,0,1,10,600,1,0,med_sup_warband,100,0,0,0,1,0,-1,1,0,200,720,900,50,200,200,0,0,0,0,0,0,0,0,0,0,0,0,0,100,0,0,0,0,0,100,0,0,100,,,-1,2500,3,-100,4.5,275,,,,,0,0,0,0,,,,,,,,,,,,,,,,,,,,,,,,
Celtic_Chariots,50,Allies,2,Light_Chariots,Jinetes,1,60,25,200,20,36,0,2,16,900,1,0,Celtic_Chariots,100,0,0,0,1,0,-1,1,0,200,100,400,0,200,200,0,0,0,0,0,0,0,0,0,0,0,0,0,0,0,0,0,0,100,0,0,0,100,,,-1,0,0,90,45,650,,,,,0,0,0,0,,,,,,,,,,,,,,,,,,,,,,,,
Citizen_Hoplites,51,Allies,2,Undrilled_Heavy_Foot,Pikes,8,60,25,200,20,42,0,1,10,600,1,0,Hoplites_citizen,100,0,0,0,1,0,-1,1,0,200,480,600,50,100,100,0,0,0,0,0,0,0,0,0,0,0,0,0,0,0,0,100,0,0,0,0,0,100,,,-1,2500,3,-100,4.5,275,,Vet_Hoplites,,,0,0,0,0,,,,,,,,,,,,,,,,,,,,,,,,
Raw_Hoplites,52,Allies,2,Undrilled_Heavy_Foot,Pikes,8,60,25,200,20,30,0,1,10,600,1,0,Hoplites_raw,100,0,0,0,1,0,-1,1,0,200,480,600,50,50,50,0,0,0,0,0,0,0,0,0,0,0,0,0,0,0,0,100,0,0,0,0,0,100,,,-1,2500,3,-100,4.5,275,,Citizen_Hoplites,,,0,0,0,0,,,,,,,,,,,,,,,,,,,,,,,,
Vet_African_Spearmen,53,Allies,2,Heavy_Foot,Pikes,8,60,25,200,20,78,0,1,10,600,1,0,Vet_African_Spear,100,0,0,0,1,0,-1,1,0,200,480,600,100,200,200,0,0,0,0,0,0,0,0,0,0,0,0,0,0,0,0,100,0,0,0,0,0,100,,,-1,2500,3,-100,4.5,275,,,,,0,0,0,0,,,,,,,,,,,,,,,,,,,,,,,,
Bruttian_Veterans,54,Allies,2,Medium_Foot,Pikes,8,60,25,200,20,66,0,1,10,600,1,0,bruttian_veterans,100,0,0,0,1,0,-1,1,0,200,480,600,100,200,200,0,0,0,0,0,0,0,0,0,0,0,0,0,0,0,0,0,0,100,100,0,0,100,,,-1,2500,3,-100,4.5,275,,,,,0,0,0,0,,,,,,,,,,,,,,,,,,,,,,,,
Vet_Hoplites,60,Allies,2,Heavy_Foot,Pikes,8,60,25,200,20,66,0,1,10,600,1,0,Hoplite_Vet,100,0,0,0,1,0,-1,1,0,200,480,600,50,200,200,0,0,0,0,0,0,0,0,0,0,0,0,0,0,0,0,100,0,0,0,0,0,100,,,-1,2500,3,-100,4.5,275,,,,,0,0,0,0,,,,,,,,,,,,,,,,,,,,,,,,
Nomad_Cavalry,61,Allies,2,Cavalry,HorseArchersTurkish,4,60,25,200,20,42,0,2,16,900,1,0,nomad_cav,100,0,0,0,1,0,-1,1,0,200,240,400,50,100,100,0,0,0,0,0,100,0,0,0,0,0,0,0,0,0,0,0,0,0,100,0,0,100,,,-1,0,1,-100,21,800,,,,,0,0,0,0,,,,,,,,,,,,,,,,,,,,,,,,
Noble_Lancers_Arm,62,Allies,2,Cavalry,NonLightLancers,4,60,25,200,20,64,0,2,16,900,1,0,noble_lancers_arm,100,0,0,0,1,0,-1,1,0,200,240,400,100,200,200,0,0,0,0,0,0,0,0,0,0,0,0,100,0,0,0,0,0,0,100,0,0,100,,,-1,0,1,-100,21,800,,,,,0,0,0,0,,,,,,,,,,,,,,,,,,,,,,,,
Noble_Lancers_Prot,63,Allies,2,Cavalry,NonLightLancers,4,60,25,200,20,48,0,2,16,900,1,0,noble_lance_prot,100,0,0,0,1,0,-1,1,0,200,240,400,50,200,200,0,0,0,0,0,0,0,0,0,0,0,0,100,0,0,0,0,0,0,100,0,0,100,,,-1,0,1,-100,21,800,,,,,0,0,0,0,,,,,,,,,,,,,,,,,,,,,,,,
Levy_Spearmen,64,Allies,2,Undrilled_Heavy_Foot,Pikes,8,60,25,200,20,24,0,1,10,600,1,0,levy_spearman,100,0,0,0,1,0,-1,1,0,200,480,600,50,50,50,0,0,0,0,0,0,0,0,0,0,0,0,0,0,0,0,0,100,0,0,0,0,100,,,-1,0,3,-100,16,590,,,,,0,0,0,0,,,,,,,,,,,,,,,,,,,,,,,,
Falxmen,72,Allies,2,Warriors,Pikes,8,60,25,200,20,48,0,1,10,600,1,0,falx_man,100,0,0,0,1,0,-1,1,0,200,480,600,0,200,200,0,0,0,0,0,0,0,0,0,0,0,0,0,0,0,100,0,0,0,0,0,0,100,,,-1,0,3,-100,16,590,,,,,0,0,0,0,,,,,,,,,,,,,,,,,,,,,,,,
Indian_Archers,73,Allies,2,Bowmen,ArchersTurkish,8,60,25,200,20,36,0,1,10,600,1,0,indian_archers,100,0,0,0,1,0,-1,1,0,200,480,600,0,100,100,0,0,0,0,0,100,0,0,0,0,0,0,0,0,0,0,0,0,0,0,0,0,100,,,-1,2500,3,-100,4.5,275,,,,,0,0,0,0,,,,,,,,,,,,,,,,,,,,,,,,
Indian_Javelinmen,74,Allies,2,Medium_Foot,Pikes,8,60,25,200,20,36,0,1,10,600,1,0,indian_javelinmen,100,0,0,0,1,0,-1,1,0,200,480,600,50,100,100,0,0,0,0,0,0,0,0,0,0,0,0,0,0,0,0,0,0,100,100,0,0,100,,,-1,2500,3,-100,4.5,275,,,,,0,0,0,0,,,,,,,,,,,,,,,,,,,,,,,,
Indian_Cavalry,75,Allies,2,Cavalry,Jinetes,4,60,25,200,20,32,0,2,16,900,1,0,indian_cavalry,100,0,0,0,1,0,-1,1,0,200,240,400,50,100,100,0,0,0,0,0,0,0,0,0,0,0,0,0,0,0,0,0,0,100,100,0,0,100,,,-1,0,1,-100,21,800,,,,,0,0,0,0,,,,,,,,,,,,,,,,,,,,,,,,
Indian_Elephants,76,Allies,2,Elephants,Elephants,1,60,38,200,20,60,0,2,12,600,1,0,indian_elphnt,100,0,0,0,1,0,-1,1,0,200,20,400,0,100,100,0,0,0,0,0,0,0,0,0,0,0,0,0,0,0,0,0,0,0,0,0,0,100,,,-1,2500,0,100,15,400,,,,,0,0,0,0,,,,,,,,,,,,,,,,,,,,,,,,
Indian_H_Chariots,77,Allies,2,Heavy_Chariots,Jinetes,1,60,25,200,20,60,0,2,12,900,1,0,Indian_H_chariot,100,0,0,0,1,0,-1,1,0,200,150,400,0,200,200,0,0,0,0,0,100,0,0,0,0,0,0,0,0,0,0,0,0,0,0,0,0,100,,,-1,0,0,85,45,750,,,,,0,0,0,0,,,,,,,,,,,,,,,,,,,,,,,,
Indian_L_Chariots,78,Allies,2,Light_Chariots,Jinetes,1,60,25,200,20,44,0,2,16,900,1,0,Indian_L_Chariot,100,0,0,0,1,0,-1,1,0,200,100,400,0,200,200,0,0,0,0,0,100,0,0,0,0,0,0,0,0,0,0,0,0,0,0,0,0,100,,,-1,0,0,85,45,750,,,,,0,0,0,0,,,,,,,,,,,,,,,,,,,,,,,,
Medium_Archers,79,Allies,2,Bowmen,ArchersTurkish,8,60,25,200,20,36,0,1,10,600,1,0,Medium_archers,100,0,0,0,0,0,-1,1,0,200,480,600,0,100,100,0,0,0,0,0,100,0,0,0,0,0,0,0,0,0,0,0,0,0,0,0,0,100,,,-1,2500,3,-100,4.5,275,,,,,0,0,0,0,,,,,,,,,,,,,,,,,,,,,,,,
Well_Armed_Slaves,80,Allies,2,Undrilled_Heavy_Foot,Pikes,8,60,25,200,20,44,0,1,10,600,1,0,well_armed_slaves,100,0,0,0,1,0,-1,1,0,200,480,600,67,100,100,0,0,0,0,0,0,0,0,0,0,0,0,0,100,0,0,0,0,0,100,0,0,100,,,-1,2500,3,-100,4.5,275,,,,,0,0,0,0,,,,,,,,,,,,,,,,,,,,,,,,
Poorly_Armed_Slaves,81,Allies,2,Mob,Pikes,12,60,25,200,20,34,0,1,10,600,1,0,Poorly_Arm_Slaves,100,0,0,0,1,0,-1,1,0,200,600,750,25,100,100,0,0,0,0,0,0,0,0,0,0,0,0,0,0,0,0,0,0,100,0,0,0,100,,,-1,0,3,-100,17,500,,Well_Armed_Slaves,,,0,0,0,0,,,,,,,,,,,,,,,,,,,,,,,,
Rhoxolani_Cavalry,82,Allies,2,Cavalry,Jinetes,4,60,25,200,20,51,0,2,16,900,1,0,Rhoxolani_Cavalry,100,0,0,0,1,0,-1,1,0,200,240,400,50,200,200,0,0,0,0,0,50,0,0,0,0,0,0,0,0,0,0,0,0,100,100,0,0,100,,,-1,0,1,-100,21,800,,,,,0,0,0,0,,,,,,,,,,,,,,,,,,,,,,,,
Scots_Irish,85,Allies,2,Medium_Foot,Pikes,8,60,25,200,20,33,0,1,10,600,1,0,Scots_Irish,100,0,0,0,1,0,-1,1,0,200,480,600,25,100,100,0,0,0,0,0,0,0,0,0,0,0,0,0,0,0,0,0,0,100,100,0,0,100,,,-1,2500,3,-100,4.5,275,,Sup_Scots_Irish,,,0,0,0,0,,,,,,,,,,,,,,,,,,,,,,,,
Sup_Scots_Irish,86,Allies,2,Medium_Foot,Pikes,8,60,25,200,20,45,0,1,10,600,1,0,sup_scots_irish,100,0,0,0,1,0,-1,1,0,200,480,600,25,200,200,0,0,0,0,0,0,0,0,0,0,0,0,0,0,0,0,0,0,100,100,0,0,100,,,-1,2500,3,-100,4.5,275,,,,,0,0,0,0,,,,,,,,,,,,,,,,,,,,,,,,
Scythed_Chariots,87,Allies,2,Scythed_Chariots,Elephants,1,60,35,200,20,48,0,2,16,900,1,0,Scythed_chariots,100,0,0,0,1,0,-1,1,0,200,50,400,0,100,100,0,0,0,0,0,0,0,0,0,0,0,0,0,0,0,0,0,0,0,0,0,0,100,,,-1,0,0,85,50,750,,,,,0,0,0,0,,,,,,,,,,,,,,,,,,,,,,,,
Persian_Light_Archers,88,Allies,2,Light_Foot,ArchersTurkish,4,60,25,200,20,30,0,1,12,600,1,0,Pers_Lt_Archers,100,0,0,0,0,0,-1,1,0,200,240,300,0,100,100,0,0,0,0,0,100,0,0,0,0,0,0,0,0,0,0,0,0,0,0,0,0,100,,,-1,2500,3,-100,4.5,275,,,,,0,0,0,0,,,,,,,,,,,,,,,,,,,,,,,,
Persian_Medium_Archers,89,Allies,2,Bowmen,ArchersTurkish,8,60,25,200,20,36,0,1,10,600,1,0,Pers_Med_Archers,100,0,0,0,0,0,-1,1,0,200,480,600,0,100,100,0,0,0,0,0,100,0,0,0,0,0,0,0,0,0,0,0,0,0,0,0,0,100,,,-1,2500,3,-100,4.5,275,,,,,0,0,0,0,,,,,,,,,,,,,,,,,,,,,,,,
Persian_Light_Slingers,90,Allies,2,Light_Foot,ArchersTurkish,4,60,25,200,20,27,0,1,12,600,1,0,persian_slingers,100,0,0,0,0,0,-1,1,0,200,240,300,0,100,100,0,0,0,0,0,0,0,0,100,0,0,0,0,0,0,0,0,0,0,0,0,0,100,,,-1,2500,3,-100,4.5,275,,,,,0,0,0,0,,,,,,,,,,,,,,,,,,,,,,,,
Barbarian_Light_Archers,91,Allies,2,Light_Foot,ArchersTurkish,4,60,25,200,20,30,0,1,12,600,1,0,Barb_Light_Archers,100,0,0,0,0,0,-1,1,0,200,240,300,0,100,100,0,0,0,0,0,100,0,0,0,0,0,0,0,0,0,0,0,0,0,0,0,0,100,,,-1,2500,3,-100,4.5,275,,,,,0,0,0,0,,,,,,,,,,,,,,,,,,,,,,,,
Barbarian_Medium_Archers,92,Allies,2,Bowmen,ArchersTurkish,8,60,25,200,20,36,0,1,10,600,1,0,Barb_Med_Archers,100,0,0,0,0,0,-1,1,0,200,480,600,0,100,100,0,0,0,0,0,100,0,0,0,0,0,0,0,0,0,0,0,0,0,0,0,0,100,,,-1,2500,3,-100,4.5,275,,,,,0,0,0,0,,,,,,,,,,,,,,,,,,,,,,,,
Barbarian_Light_Slingers,93,Allies,2,Light_Foot,ArchersTurkish,4,60,25,200,20,27,0,1,12,600,1,0,barb_slingers,100,0,0,0,0,0,-1,1,0,200,240,300,0,100,100,0,0,0,0,0,0,0,0,100,0,0,0,0,0,0,0,0,0,0,0,0,0,100,,,-1,2500,3,-100,4.5,275,,,,,0,0,0,0,,,,,,,,,,,,,,,,,,,,,,,,
Barbarian_Light_Javelins,94,Allies,2,Light_Foot,ArchersTurkish,4,60,25,200,20,24,0,1,12,600,1,0,Barb_Lt_Javelins,100,0,0,0,0,0,-1,1,0,200,240,300,0,100,100,0,0,0,0,0,0,0,0,0,100,0,0,0,0,0,0,0,0,100,0,0,0,100,,,-1,2500,3,-100,4.5,275,,,,,0,0,0,0,,,,,,,,,,,,,,,,,,,,,,,,
Persian_Cav_Jav_Arm,96,Allies,2,Cavalry,Jinetes,4,60,25,200,20,60,0,2,16,900,1,0,pers_cav_jav_arm,100,0,0,0,1,0,-1,1,0,200,240,400,100,200,200,0,0,0,0,0,0,0,0,0,0,0,0,0,0,0,0,0,0,100,100,0,0,100,,,-1,0,1,-100,21,800,,,,,0,0,0,0,,,,,,,,,,,,,,,,,,,,,,,,
Persian_Cav_Jav_Prot,97,Allies,2,Cavalry,Jinetes,4,60,25,200,20,44,0,2,16,900,1,0,pers_cav_jav_prot,100,0,0,0,1,0,-1,1,0,200,240,400,50,200,200,0,0,0,0,0,0,0,0,0,0,0,0,0,0,0,0,0,0,100,100,0,0,100,,,-1,0,1,-100,21,800,,,,,0,0,0,0,,,,,,,,,,,,,,,,,,,,,,,,
Baggage,98,Allies,2,Train,Elephants,1,60,25,200,20,0,0,1,12,600,1,0,baggage,100,0,0,0,0,0,-1,1,0,200,120,200,0,0,0,0,0,0,0,0,0,0,0,0,0,0,0,0,0,0,0,0,0,0,0,0,0,100,,,-1,0,0,0,50,1200,,,,,0,0,0,0,,,,,,,,,,,,,,,,,,,,,,,,
Indian_Light_Archers,102,Allies,2,Light_Foot,ArchersTurkish,4,60,25,200,20,30,0,1,12,600,1,0,indian_lt_archers,100,0,0,0,0,0,-1,1,0,200,240,300,0,100,100,0,0,0,0,0,100,0,0,0,0,0,0,0,0,0,0,0,0,0,0,0,0,100,,,-1,2500,3,-100,4.5,275,,,,,0,0,0,0,,,,,,,,,,,,,,,,,,,,,,,,
Legionary_LRepub,103,Allies,2,Heavy_Foot,Pikes,8,60,25,200,20,78,0,1,10,600,1,0,Legionary_LRepub,100,0,0,0,1,0,-1,1,0,200,480,600,100,200,200,0,0,0,0,0,0,0,0,0,0,0,0,0,100,0,0,0,0,0,100,0,0,100,,,-1,2500,3,-100,4.5,275,,Vet_Legionaries,,,0,0,0,0,,,,,,,,,,,,,,,,,,,,,,,,
Grk_arm_cav,104,Allies,2,Cavalry,Jinetes,4,60,25,200,20,40,0,2,16,900,1,0,Grk_arm_cav,100,0,0,0,1,0,-1,1,0,200,240,400,100,100,100,0,0,0,0,0,0,0,0,0,0,0,0,0,0,0,0,0,0,100,100,0,0,100,,,-1,0,1,-100,21,800,,Vet_Arm_Cavalry,,,0,0,0,0,,,,,,,,,,,,,,,,,,,,,,,,
Barb_LH_Jav,106,,,Light_Horse,Jinetes,2,60,25,200,20,24,0,2,20,1100,1,0,Barb_LH_Jav,100,0,0,0,1,0,-1,1,0,200,120,200,0,100,100,0,0,0,0,0,0,0,0,0,100,0,0,0,0,0,0,0,0,100,0,0,0,100,,,-1,0,1,-100,21,800,,,,,0,0,0,0,,,,,,,,,,,,,,,,,,,,,,,,
Samnite_Foot,108,Allies,2,Medium_Foot,Pikes,8,60,25,200,20,42,0,1,10,600,1,0,samnite,100,0,0,0,1,0,-1,1,0,200,480,600,50,100,100,0,0,0,0,0,0,0,0,0,0,0,0,0,100,0,0,0,0,0,100,0,0,100,,,-1,2500,3,-100,4.5,275,,,,,0,0,0,0,,,,,,,,,,,,,,,,,,,,,,,,
Vet_Samnite_Foot,109,,,Medium_Foot,Pikes,8,60,25,200,20,66,0,1,10,600,1,0,samnite_vet,100,0,0,0,1,0,-1,1,0,200,480,600,75,200,200,0,0,0,0,0,0,0,0,0,0,0,0,0,100,0,0,0,0,0,100,0,0,100,,,-1,2500,3,-100,4.5,275,,,,,0,0,0,0,,,,,,,,,,,,,,,,,,,,,,,,
Persian_Immortals,55,Allies,2,Bowmen,ArchersTurkish,8,60,25,200,20,75,0,1,10,600,1,0,Persian_Immortals,100,0,0,0,1,0,-1,1,0,200,480,600,100,200,200,0,0,0,0,0,100,0,0,0,0,0,0,0,0,0,0,0,0,50,50,0,0,100,,,-1,2500,3,-100,4.5,275,,,,,0,0,0,0,,,,,,,,,,,,,,,,,,,,,,,,
Sparabara_Foot,56,Allies,2,Bowmen,ArchersTurkish,8,60,25,200,20,45,0,1,10,600,1,0,Sparabara_foot,100,0,0,0,1,0,-1,1,0,200,480,600,50,100,100,0,0,0,0,0,100,0,0,0,0,0,0,0,0,0,0,0,0,50,50,0,0,100,,,-1,2500,3,-100,4.5,275,,,,,0,0,0,0,,,,,,,,,,,,,,,,,,,,,,,,
Arm_Citizen_Hoplites,57,Allies,2,Undrilled_Heavy_Foot,Pikes,8,60,25,200,20,54,0,1,10,600,1,0,Hoplites_cit_arm,100,0,0,0,1,0,-1,1,0,200,480,600,100,100,100,0,0,0,0,0,0,0,0,0,0,0,0,0,0,0,0,100,0,0,0,0,0,100,,,-1,2500,3,-100,4.5,275,,Arm_Vet_Hoplites,,,0,0,0,0,,,,,,,,,,,,,,,,,,,,,,,,
Arm_Vet_Hoplites,59,Allies,2,Heavy_Foot,Pikes,8,60,25,200,20,78,0,1,10,600,1,0,Hoplite_vet_arm,100,0,0,0,1,0,-1,1,0,200,480,600,100,200,200,0,0,0,0,0,0,0,0,0,0,0,0,0,0,0,0,100,0,0,0,0,0,100,,,-1,2500,3,-100,4.5,275,,,,,0,0,0,0,,,,,,,,,,,,,,,,,,,,,,,,
Persian_Cav_Arm_Bow,95,Allies,2,Cavalry,HorseArchersTurkish,4,60,25,200,20,64,0,2,16,900,1,0,pers_cav_bw_arm,100,0,0,0,1,0,-1,1,0,200,240,400,100,200,200,0,0,0,0,0,100,0,0,0,0,0,0,0,0,0,0,0,0,0,100,0,0,100,,,-1,0,1,-100,21,800,,,,,0,0,0,0,,,,,,,,,,,,,,,,,,,,,,,,
Arm_Cit_Hop_Shallow,99,Allies,2,Undrilled_Heavy_Foot,Pikes,4,60,25,200,20,27,0,1,10,600,1,0,Hoplites_cit_arm,100,0,0,0,1,0,-1,1,0,200,240,300,100,100,100,0,0,0,0,0,0,0,0,0,0,0,0,0,0,0,0,100,0,0,0,0,0,100,,,-1,2500,3,-100,4.5,275,,,,,0,0,0,0,,,,,,,,,,,,,,,,,,,,,,,,
Improvised_Camelry,100,Allies,2,Camelry,HorseArchersTurkish,4,60,25,200,20,54,0,2,16,600,1,0,arab_camelry,100,0,0,0,1,0,-1,1,0,200,240,400,100,100,100,0,0,0,0,0,100,0,0,0,0,0,0,0,0,0,0,0,0,0,100,0,0,100,,,-1,0,1,-100,25,900,,,,,0,0,0,0,,,,,,,,,,,,,,,,,,,,,,,,
Lydian_Cavalry,101,Allies,2,Cavalry,NonLightLancers,4,60,25,200,20,64,0,2,16,900,1,0,Lydian_Cavalry,100,0,0,0,1,0,-1,1,0,200,240,400,100,200,200,0,0,0,0,0,0,0,0,0,0,0,0,100,0,0,0,0,0,0,100,0,0,100,,,-1,0,1,-100,21,800,,,,,0,0,0,0,,,,,,,,,,,,,,,,,,,,,,,,
Carth_Chariot,110,,,Heavy_Chariots,Jinetes,1,60,25,200,20,52,0,2,12,900,1,0,Carth_chariot,100,0,0,0,1,0,-1,1,0,200,150,400,0,200,200,0,0,0,0,0,0,0,0,0,0,0,0,0,0,0,0,0,0,100,0,0,0,100,,,-1,2500,0,50,15,350,,,,,0,0,0,0,,,,,,,,,,,,,,,,,,,,,,,,
Prodromoi,111,,,Light_Horse,Jinetes,2,60,25,200,20,40,0,2,20,1100,1,0,Prodromoi,100,0,0,0,1,0,-1,1,0,200,120,200,0,200,200,0,0,0,0,0,0,0,0,0,0,0,0,100,0,0,0,0,0,0,100,0,0,100,,,-1,0,1,-100,21,800,,,,,0,0,0,0,,,,,,,,,,,,,,,,,,,,,,,,
Legionaries,42,Allies,2,Heavy_Foot,Pikes,8,60,25,200,20,78,0,1,10,600,1,0,legionaries,100,0,0,0,1,0,-1,1,0,200,480,600,100,200,200,0,0,0,0,0,0,0,0,0,0,0,0,0,100,0,0,0,0,0,100,0,0,100,,,-1,2500,3,-100,4.5,275,,Vet_Legionaries,,,0,0,0,0,,,,,,,,,,,,,,,,,,,,,,,,
Auxilia,45,Allies,2,Medium_Foot,Pikes,8,60,25,200,20,42,0,1,10,600,1,0,Auxilia,100,0,0,0,1,0,-1,1,0,200,480,600,100,100,100,0,0,0,0,0,0,0,0,0,0,0,0,0,0,0,0,0,0,100,100,0,0,100,,,-1,2500,3,-100,4.5,275,,,,,0,0,0,0,,,,,,,,,,,,,,,,,,,,,,,,
Aux_Archers,46,Allies,2,Bowmen,ArchersTurkish,8,60,25,200,20,42,0,1,10,600,1,0,aux_arm_archers,100,0,0,0,1,0,-1,1,0,200,480,600,50,100,100,0,0,0,0,0,100,0,0,0,0,0,0,0,0,0,0,0,0,0,0,0,0,100,,,-1,2500,3,-100,4.5,275,,,,,0,0,0,0,,,,,,,,,,,,,,,,,,,,,,,,
Armoured_Lancers,47,Allies,2,Cavalry,NonLightLancers,4,60,25,200,20,44,0,2,16,900,1,0,arm_lancers,100,0,0,0,1,0,-1,1,0,200,240,400,100,100,100,0,0,0,0,0,0,0,0,0,0,0,0,100,0,0,0,0,0,0,100,0,0,100,,,-1,0,1,-100,21,800,,Arm_Lancers_Late,,,0,0,0,0,,,,,,,,,,,,,,,,,,,,,,,,
Arm_Horse_Archers,58,Allies,2,Cavalry,HorseArchersTurkish,4,60,25,200,20,64,0,2,16,900,1,0,Arm_Horse_Archers,100,0,0,0,1,0,-1,1,0,200,240,400,100,200,200,0,0,0,0,0,100,0,0,0,0,0,0,0,0,0,0,0,0,0,100,0,0,100,,,-1,0,1,-100,21,800,,,,,0,0,0,0,,,,,,,,,,,,,,,,,,,,,,,,
Legio_Palatina,65,Allies,2,Heavy_Foot,Pikes,8,60,25,200,20,75,0,1,10,600,1,0,legio_palatina,100,0,0,0,1,0,-1,1,0,200,480,600,100,200,200,0,0,0,0,0,20,0,0,0,0,80,0,0,0,0,0,0,0,80,100,0,0,100,,,-1,0,3,-100,18,620,,,,,0,0,0,0,,,,,,,,,,,,,,,,,,,,,,,,
Legio_Comitatensis,66,Allies,2,Heavy_Foot,Pikes,8,60,25,200,20,48,0,1,10,600,1,0,legio_comitatensis,100,0,0,0,1,0,-1,1,0,200,480,600,75,100,100,0,0,0,0,0,20,0,0,0,0,80,0,0,0,0,0,0,0,80,100,0,0,100,,,-1,0,3,-100,18,620,,,,,0,0,0,0,,,,,,,,,,,,,,,,,,,,,,,,
Aux_Palatina,67,Allies,2,Medium_Foot,Pikes,8,60,25,200,20,54,0,1,10,600,1,0,aux_palatina,100,0,0,0,1,0,-1,1,0,200,480,600,50,200,200,0,0,0,0,0,20,0,0,0,0,80,0,0,0,0,0,0,0,80,100,0,0,100,,,-1,0,3,-100,18,620,,,,,0,0,0,0,,,,,,,,,,,,,,,,,,,,,,,,
Limitanii,68,Allies,2,Heavy_Foot,Pikes,8,60,25,200,20,24,0,1,10,600,1,0,limitanii,100,0,0,0,1,0,-1,1,0,200,480,600,50,50,50,0,0,0,0,0,0,0,0,0,0,0,0,0,0,0,0,0,0,100,100,0,0,100,,,-1,2500,3,-100,4.5,275,,Pseudocomitatenses,,,0,0,0,0,,,,,,,,,,,,,,,,,,,,,,,,
Ave_Arm_H_Archers,69,Allies,2,Cavalry,HorseArchersTurkish,4,60,25,200,20,50,0,2,16,900,1,0,Ave_Arm_H_Archers,100,0,0,0,1,0,-1,1,0,200,240,400,100,125,125,0,0,0,0,0,100,0,0,0,0,0,0,0,0,0,0,0,0,0,100,0,0,100,,,-1,0,1,-100,21,800,,Arm_Horse_Archers,,,0,0,0,0,,,,,,,,,,,,,,,,,,,,,,,,
Sup_Nomad_LH,70,Allies,2,Light_Horse,HorseArchers,2,60,25,200,20,44,0,2,20,1100,1,0,nomad_LH_sup,100,0,0,0,1,0,-1,1,0,200,120,200,0,200,200,0,0,0,0,0,100,0,0,0,0,0,0,0,0,0,0,0,0,0,100,0,0,100,,,-1,900,1,-100,21,800,,,,,0,0,0,0,,,,,,,,,,,,,,,,,,,,,,,,
Sup_Nomad_Cavalry,71,Allies,2,Cavalry,HorseArchersTurkish,4,60,25,200,20,54,0,2,16,900,1,0,nomad_cav_sup,100,0,0,0,1,0,-1,1,0,200,240,400,50,200,200,0,0,0,0,0,100,0,0,0,0,0,0,0,0,0,0,0,0,0,100,0,0,100,,,-1,900,1,-100,21,800,,,,,0,0,0,0,,,,,,,,,,,,,,,,,,,,,,,,
Pictish_Spearmen,83,Allies,2,Medium_Foot,Pikes,12,60,25,200,20,51,0,1,10,600,1,0,pictish_spearman,100,0,0,0,1,0,-1,1,0,200,720,900,25,100,100,0,0,0,0,0,0,0,0,0,0,0,0,0,0,0,0,100,0,0,0,0,0,100,,,-1,0,3,-100,18,620,,,,,0,0,0,0,,,,,,,,,,,,,,,,,,,,,,,,
Zealots,84,Allies,2,Medium_Foot,Pikes,8,60,25,200,20,57,0,1,10,600,1,0,zealots,100,0,0,0,1,0,-1,0,0,200,480,600,25,200,200,0,0,0,0,0,0,0,0,0,0,0,0,0,100,0,0,0,0,0,100,0,0,100,,,-1,0,3,-100,18,620,,,,,0,0,0,0,,,,,,,,,,,,,,,,,,,,,,,,
Rom_vet_cavalry,105,Allies,2,Cavalry,Jinetes,4,60,25,200,20,60,0,2,16,900,1,0,Rom_vet_cavalry,100,0,0,0,1,0,-1,1,0,200,240,400,100,200,200,0,0,0,0,0,0,0,0,0,0,0,0,0,0,0,0,0,0,100,100,0,0,100,,,-1,0,1,-100,21,800,,,,,0,0,0,0,,,,,,,,,,,,,,,,,,,,,,,,
Arm_Lancers_Late,107,Allies,2,Cavalry,NonLightLancers,4,60,25,200,20,64,0,2,16,900,1,0,arm_lancers_late,100,0,0,0,1,0,-1,1,0,200,240,400,100,200,200,0,0,0,0,0,0,0,0,0,0,0,0,100,0,0,0,0,0,0,100,0,0,100,,,-1,0,1,-100,21,800,,,,,0,0,0,0,,,,,,,,,,,,,,,,,,,,,,,,
Slav_foot,112,Allies,2,Medium_Foot,Pikes,8,60,25,200,20,30,0,1,10,600,1,0,slav_foot,100,0,0,0,1,0,-1,1,0,200,480,600,25,100,100,0,0,0,0,0,0,0,0,0,0,0,0,0,0,0,0,0,0,100,50,0,0,100,,,-1,2500,3,-100,4.5,275,,,,,0,0,0,0,,,,,,,,,,,,,,,,,,,,,,,,
Sub_Roman_Foot,124,Allies,2,Undrilled_Heavy_Foot,Pikes,12,60,25,200,20,41,0,1,10,600,1,0,limitanii,100,0,0,0,1,0,-1,1,0,200,720,900,50,75,75,0,0,0,0,0,0,0,0,0,0,0,0,0,0,0,0,0,0,100,100,0,0,100,,,-1,2500,3,-100,4.5,275,,,,,0,0,0,0,,,,,,,,,,,,,,,,,,,,,,,,
Brythonic_Foot,126,Allies,2,Medium_Foot,Pikes,8,60,25,200,20,33,0,1,10,600,1,0,Brythonic_Foot,100,0,0,0,1,0,-1,1,0,200,480,600,25,100,100,0,0,0,0,0,0,0,0,0,0,0,0,0,0,0,0,0,0,100,100,0,0,100,,,-1,2500,3,-100,4.5,275,,,,,0,0,0,0,,,,,,,,,,,,,,,,,,,,,,,,
Bulgar_LH,113,Allies,2,Light_Horse,HorseArchers,2,60,25,200,20,36,0,2,20,1100,1,0,Bulgar_LH,100,0,0,0,1,0,-1,1,0,200,120,200,0,100,100,0,0,0,0,0,100,0,0,0,0,0,0,0,0,0,0,0,0,0,100,0,0,100,,,-1,900,1,-100,21,800,,,,,0,0,0,0,,,,,,,,,,,,,,,,,,,,,,,,
Bulgar_Cavalry,114,Allies,2,Cavalry,HorseArchersTurkish,4,60,25,200,20,42,0,2,16,900,1,0,Bulgar_Cavalry,100,0,0,0,1,0,-1,1,0,200,240,400,50,100,100,0,0,0,0,0,100,0,0,0,0,0,0,0,0,0,0,0,0,0,100,0,0,100,,,-1,900,1,-100,21,800,,,,,0,0,0,0,,,,,,,,,,,,,,,,,,,,,,,,
Byz_Lancers_Vet,115,Allies,2,Cavalry,NonLightLancers,4,60,25,200,20,71,0,2,16,900,1,0,byz_lancers_vet,100,0,0,0,1,0,-1,1,0,200,240,400,100,200,200,0,0,0,0,0,50,0,0,0,0,0,0,100,0,0,0,0,0,0,100,0,0,100,,,-1,2500,1,-100,6.8,350,,,,,0,0,0,0,,,,,,,,,,,,,,,,,,,,,,,,
Byz_Lancers_Ave,116,Allies,2,Cavalry,NonLightLancers,4,60,25,200,20,53,0,2,16,900,1,0,byz_lancers_ave,100,0,0,0,1,0,-1,1,0,200,240,400,100,125,125,0,0,0,0,0,50,0,0,0,0,0,0,100,0,0,0,0,0,0,100,0,0,100,,,-1,2500,1,-100,6.8,350,,Byz_Lancers_Vet,,,0,0,0,0,,,,,,,,,,,,,,,,,,,,,,,,
DA_Def_Spear,117,Allies,2,Undrilled_Heavy_Foot,Pikes,8,60,25,200,20,36,0,1,10,600,1,0,DA_Def_Spear,100,0,0,0,1,0,-1,1,0,200,480,600,50,100,100,0,0,0,0,0,0,0,0,0,0,0,0,0,0,0,0,0,100,0,0,0,0,100,,,-1,2500,3,-100,4.5,275,,,,,0,0,0,0,,,,,,,,,,,,,,,,,,,,,,,,
DA_Def_Spear_Raw,118,Allies,2,Undrilled_Heavy_Foot,Pikes,12,60,25,200,20,33,0,1,10,600,1,0,DA_Def_Spear_Raw,100,0,0,0,1,0,-1,1,0,200,720,900,50,50,50,0,0,0,0,0,0,0,0,0,0,0,0,0,0,0,0,0,100,0,0,0,0,100,,,-1,2500,3,-100,4.5,275,,DA_Def_Spear,,,0,0,0,0,,,,,,,,,,,,,,,,,,,,,,,,
Noble_Lancers_ArmD,119,Allies,2,Cavalry,NonLightLancers,4,60,25,200,20,64,0,2,16,900,1,0,noble_lancers_arm,100,0,0,0,1,0,-1,1,0,200,240,400,100,200,200,0,0,0,0,0,0,0,0,0,0,0,0,100,0,0,0,0,0,0,100,0,0,100,,,-1,0,1,-100,21,800,Dis_Nob_Lanc_Arm,,,,0,0,0,0,,,,,,,,,,,,,,,,,,,,,,,,
Noble_Lancers_ProtD,120,Allies,2,Cavalry,NonLightLancers,4,60,25,200,20,48,0,2,16,900,1,0,noble_lance_prot,100,0,0,0,1,0,-1,1,0,200,240,400,50,200,200,0,0,0,0,0,0,0,0,0,0,0,0,100,0,0,0,0,0,0,100,0,0,100,,,-1,0,1,-100,21,800,Dis_Nob_Lanc_Prot,,,,0,0,0,0,,,,,,,,,,,,,,,,,,,,,,,,
Dis_Nob_Lanc_Arm,121,Allies,2,Undrilled_Heavy_Foot,Pikes,4,60,25,200,20,48,0,1,10,600,1,0,Dis_Nob_Lanc_Arm,100,0,0,0,1,0,-1,1,0,200,240,400,100,200,200,1,0,0,0,0,0,0,0,0,0,0,0,0,0,0,0,100,0,0,0,0,0,100,,,-1,1100,1,-100,18,620,Noble_Lancers_ArmD,,,,0,0,0,0,,,,,,,,,,,,,,,,,,,,,,,,
Dis_Nob_Lanc_Prot,122,Allies,2,Undrilled_Heavy_Foot,Pikes,4,60,25,200,20,36,0,1,10,600,1,0,Dis_Nob_Lanc_Prot,100,0,0,0,1,0,-1,1,0,200,240,400,50,200,200,1,0,0,0,0,0,0,0,0,0,0,0,0,0,0,0,100,0,0,0,0,0,100,,,-1,1100,1,-100,18,620,Noble_Lancers_ProtD,,,,0,0,0,0,,,,,,,,,,,,,,,,,,,,,,,,
Byz_Flankers,123,Allies,2,Light_Horse,HorseArchersTurkish,2,60,25,200,20,44,0,2,20,1100,1,0,Byz_Flankers,100,0,0,0,1,0,-1,1,0,200,120,200,75,125,125,0,0,0,0,0,100,0,0,0,0,0,0,0,0,0,0,0,0,0,100,0,0,100,,,-1,0,1,-100,21,800,,,,,0,0,0,0,,,,,,,,,,,,,,,,,,,,,,,,
Dis_Ave_Arm_HA,125,Allies,2,Bowmen,HorseArchersTurkish,4,60,25,200,20,34,0,2,10,600,1,0,Dis_Ave_Arm_HA,100,0,0,0,1,0,-1,1,0,200,240,400,50,125,125,0,0,0,0,0,100,0,0,0,0,0,0,0,0,0,0,0,0,0,100,0,0,100,,,-1,0,1,-100,18,620,,,,,0,0,0,0,,,,,,,,,,,,,,,,,,,,,,,,
Indian_LH_Jav,127,Allies,2,Light_Horse,Jinetes,2,60,25,200,20,24,0,2,20,1100,1,0,Indian_LH_Jav,100,0,0,0,1,0,-1,1,0,200,120,200,0,100,100,0,0,0,0,0,0,0,0,0,100,0,0,0,0,0,0,0,0,100,0,0,0,100,,,-1,0,1,-100,21,800,,,,,0,0,0,0,,,,,,,,,,,,,,,,,,,,,,,,
Indian_LF_Jav,128,Allies,2,Light_Foot,ArchersTurkish,4,60,25,200,20,24,0,1,12,600,1,0,Indian_LF_Jav,100,0,0,0,0,0,-1,1,0,200,240,300,0,100,100,0,0,0,0,0,0,0,0,0,100,0,0,0,0,0,0,0,0,100,0,0,0,100,,,-1,2500,3,-100,4.5,275,,,,,0,0,0,0,,,,,,,,,,,,,,,,,,,,,,,,
Sabir_Foot,129,Allies,2,Bowmen,Pikes,4,60,25,200,20,40,0,1,10,600,1,0,dis_hun_cav,100,0,0,0,1,0,-1,1,0,200,240,400,50,200,200,0,0,0,0,0,100,0,0,0,0,0,0,0,0,0,0,0,0,0,100,0,0,100,,,-1,900,1,-100,18,620,Sup_Nomad_CavalryD,,,,0,0,0,0,,,,,,,,,,,,,,,,,,,,,,,,
Bedouin_Cavalry,130,Allies,2,Cavalry,NonLightLancers,4,60,25,200,20,36,0,2,16,900,1,0,Bedouin_Cav,100,0,0,0,1,0,-1,1,0,200,240,400,50,100,100,0,0,0,0,0,0,0,0,0,0,0,0,100,0,0,0,0,0,0,100,0,0,100,,,-1,0,1,-100,21,800,,,,,0,0,0,0,,,,,,,,,,,,,,,,,,,,,,,,
Bedouin_LH,131,Allies,2,Light_Horse,NonLightLancers,2,60,25,200,20,32,0,2,20,1100,1,0,Bedouin_LH,100,0,0,0,1,0,-1,1,0,200,120,200,0,100,100,0,0,0,0,0,0,0,0,0,0,0,0,100,0,0,0,0,0,0,100,0,0,100,,,-1,0,1,-100,21,800,,,,,0,0,0,0,,,,,,,,,,,,,,,,,,,,,,,,
Bedouin_Foot,132,Allies,2,Medium_Foot,Pikes,8,60,25,200,20,36,0,1,10,600,1,0,Bedouin_Foot,100,0,0,0,1,0,-1,1,0,200,480,600,50,100,100,0,0,0,0,0,0,0,0,0,0,0,0,0,0,0,0,0,0,100,100,0,0,100,,,-1,2600,3,-100,4.5,275,,,,,0,0,0,0,,,,,,,,,,,,,,,,,,,,,,,,
Pre_Islamic_Foot,133,Allies,2,Undrilled_Heavy_Foot,Pikes,8,60,25,200,20,36,0,1,10,600,1,0,Pre_Islamic_Foot,100,0,0,0,1,0,-1,1,0,200,480,600,50,100,100,0,0,0,0,0,0,0,0,0,0,0,0,0,0,0,0,0,0,100,100,0,0,100,,,-1,2600,3,-100,4.5,275,,,,,0,0,0,0,,,,,,,,,,,,,,,,,,,,,,,,
Dailami_Foot,214,Allies,2,Medium_Foot,Pikes,8,60,25,200,20,60,0,1,10,600,1,0,Dailami_Foot,100,0,0,0,1,0,-1,1,0,200,480,600,50,200,200,0,0,0,0,0,0,0,0,0,0,0,0,0,100,0,0,0,0,0,100,0,0,100,,,-1,2500,3,-100,4.5,275,,,,,0,0,0,0,,,,,,,,,,,,,,,,,,,,,,,,
Pseudocomitatenses,266,Allies,2,Heavy_Foot,Pikes,8,60,25,200,20,39,0,1,10,600,1,0,Pseudocomitatenses,100,0,0,0,1,0,-1,1,0,200,480,600,50,100,100,0,0,0,0,0,0,0,0,0,0,0,0,0,0,0,0,0,0,100,100,0,0,100,,,-1,2500,3,-100,4.5,275,,,,,0,0,0,0,,,,,,,,,,,,,,,,,,,,,,,,
Sup_Nomad_CavalryD,268,Allies,2,Cavalry,HorseArchersTurkish,4,60,25,200,20,54,0,2,16,900,1,0,nomad_cav_sup,100,0,0,0,1,0,-1,1,0,200,240,400,50,200,200,0,0,0,0,0,100,0,0,0,0,0,0,0,0,0,0,0,0,0,100,0,0,100,,,-1,900,1,-100,21,800,Sabir_Foot,,,,0,0,0,0,,,,,,,,,,,,,,,,,,,,,,,,
Dis_Nob_Lanc_ArmL,375,Allies,2,Undrilled_Heavy_Foot,Pikes,8,60,25,200,20,72,0,1,10,600,1,0,Dis_Nob_Lanc_Arm,100,0,0,0,1,0,-1,1,0,200,480,600,100,200,200,1,0,0,0,0,0,0,0,0,0,0,0,0,0,0,0,100,0,0,0,0,0,100,,,-1,1100,1,-100,18,620,,,,,0,0,0,0,,,,,,,,,,,,,,,,,,,,,,,,
Dis_Nob_Lanc_ProtL,376,Allies,2,Undrilled_Heavy_Foot,Pikes,8,60,25,200,20,54,0,1,10,600,1,0,Dis_Nob_Lanc_Prot,100,0,0,0,1,0,-1,1,0,200,480,600,50,200,200,1,0,0,0,0,0,0,0,0,0,0,0,0,0,0,0,100,0,0,0,0,0,100,,,-1,1100,1,-100,18,620,,,,,0,0,0,0,,,,,,,,,,,,,,,,,,,,,,,,
Assyr_H_Chariots,134,Allies,2,Heavy_Chariots,Jinetes,1,60,25,200,20,60,0,2,12,900,1,0,Assyrian_chariot,100,0,0,0,1,0,-1,1,0,200,150,400,0,200,200,0,0,0,0,0,100,0,0,0,0,0,0,0,0,0,0,0,0,0,0,0,0,100,,,-1,2500,0,85,14,400,,,,,0,0,0,0,,,,,,,,,,,,,,,,,,,,,,,,
Assyrian_Cav,135,Allies,2,Cavalry,Jinetes,4,60,25,200,20,47,0,2,16,900,1,0,Assyrian_Cav,100,0,0,0,1,0,-1,1,0,200,240,400,100,100,100,0,0,0,0,0,50,0,0,0,0,0,0,0,0,0,0,0,0,50,100,0,0,100,,,-1,0,1,-100,21,800,,Assyrian_Cav_Vet,,,0,0,0,0,,,,,,,,,,,,,,,,,,,,,,,,
Assyrian_Cav_Vet,136,Allies,2,Cavalry,Jinetes,4,60,25,200,20,67,0,2,16,900,1,0,Assyrian_Cav_Sup,100,0,0,0,1,0,-1,1,0,200,240,400,100,200,200,0,0,0,0,0,50,0,0,0,0,0,0,0,0,0,0,0,0,50,100,0,0,100,,,-1,0,1,-100,21,800,,,,,0,0,0,0,,,,,,,,,,,,,,,,,,,,,,,,
Assyrian_H_Foot,137,Allies,2,Heavy_Foot,Pikes,8,60,25,200,20,56,0,1,10,600,1,0,Assyrian_spear_hvy,100,0,0,0,1,0,-1,1,0,200,480,600,100,100,100,0,0,0,0,0,50,0,0,0,0,0,0,0,0,0,0,0,0,50,100,0,0,100,,,-1,2500,3,-100,4.5,275,, ,,,1,0,0,0,,,,,,,,,,,,,,,,,,,,,,,,
Assyrian_M_Foot,138,Allies,2,Medium_Foot,Pikes,8,60,25,200,20,44,0,1,10,600,1,0,Assyrian_spear_med,100,0,0,0,1,0,-1,1,0,200,480,600,50,100,100,0,0,0,0,0,50,0,0,0,0,0,0,0,0,0,0,0,0,50,100,0,0,100,,,-1,2500,3,-100,4.5,275,, ,,,1,0,0,0,,,,,,,,,,,,,,,,,,,,,,,,
Assyr_M_Foot_Raw,139,Allies,2,Medium_Foot,Pikes,8,60,25,200,20,32,0,1,10,600,1,0,Ass_spear_med_raw,100,0,0,0,1,0,-1,1,0,200,480,600,50,50,50,0,0,0,0,0,50,0,0,0,0,0,0,0,0,0,0,0,0,50,100,0,0,100,,,-1,2500,3,-100,4.5,275,,Assyrian_M_Foot,,,1,0,0,0,,,,,,,,,,,,,,,,,,,,,,,,
Assyrian_Guards,140,Allies,2,Heavy_Foot,Pikes,8,60,25,200,20,72,0,1,10,600,1,0,Assyrian_Guards,100,0,0,0,1,0,-1,1,0,200,480,600,100,200,200,0,0,0,0,0,0,0,0,0,0,0,0,0,0,0,0,0,0,100,100,0,0,100,,,-1,2500,3,-100,4.5,275,, ,,,0,0,0,0,,,,,,,,,,,,,,,,,,,,,,,,
Hebrew_Foot,141,Allies,2,Medium_Foot,Pikes,8,60,25,200,20,36,0,1,10,600,1,0,Hebrew_foot,100,0,0,0,1,0,-1,1,0,200,480,600,50,100,100,0,0,0,0,0,0,0,0,0,0,0,0,0,0,0,0,0,0,100,100,0,0,100,,,-1,2500,3,-100,4.5,275,, ,,,0,0,0,0,,,,,,,,,,,,,,,,,,,,,,,,
Gibborim,142,Allies,2,Medium_Foot,Pikes,8,60,25,200,20,66,0,1,10,600,1,0,Gibborim,100,0,0,0,1,0,-1,1,0,200,480,600,100,200,200,0,0,0,0,0,0,0,0,0,0,0,0,0,0,0,0,0,0,100,100,0,0,100,,,-1,2500,3,-100,4.5,275,, ,,,0,0,0,0,,,,,,,,,,,,,,,,,,,,,,,,
Egyptian_spearmen,143,Allies,2,Undrilled_Heavy_Foot,Pikes,8,60,25,200,20,30,0,1,10,600,1,0,Egyptian_spearmen,100,0,0,0,1,0,-1,1,0,200,480,600,50,75,75,0,0,0,0,0,0,0,0,0,0,0,0,0,0,0,0,0,100,0,0,0,0,100,,,-1,0,3,-100,16,590,,,,,0,0,0,0,,,,,,,,,,,,,,,,,,,,,,,,
Egyp_H_Chariots,144,Allies,2,Heavy_Chariots,Jinetes,1,60,25,200,20,60,0,2,12,900,1,0,Egyptian_Chariot,100,0,0,0,1,0,-1,1,0,200,150,400,0,200,200,0,0,0,0,0,100,0,0,0,0,0,0,0,0,0,0,0,0,0,0,0,0,100,,,-1,2500,0,85,14,400,,,,,0,0,0,0,,,,,,,,,,,,,,,,,,,,,,,,
Early_Cavalry,145,Allies,2,Cavalry,Jinetes,4,60,25,200,20,32,0,2,16,900,1,0,Early_Cavalry,100,0,0,0,1,0,-1,1,0,200,240,400,50,100,100,0,0,0,0,0,0,0,0,0,0,0,0,0,0,0,0,0,0,100,100,0,0,100,,,-1,0,1,-100,21,800,,,,,0,0,0,0,,,,,,,,,,,,,,,,,,,,,,,,
Kushite_Cavalry,146,Allies,2,Cavalry,Jinetes,4,60,25,200,20,44,0,2,16,900,1,0,indian_cavalry,100,0,0,0,1,0,-1,1,0,200,240,400,75,150,150,0,0,0,0,0,0,0,0,0,0,0,0,0,0,0,0,0,0,100,100,0,0,100,,,-1,0,1,-100,21,800,,,,,0,0,0,0,,,,,,,,,,,,,,,,,,,,,,,,
Kushite_Archers,147,Allies,2,Bowmen,ArchersTurkish,8,60,25,200,20,36,0,1,10,600,1,0,Kush_archers,100,0,0,0,1,0,-1,1,0,200,480,600,0,100,100,0,0,0,0,0,100,0,0,0,0,0,0,0,0,0,0,0,0,0,0,0,0,100,,,-1,2500,3,-100,4.5,275,,,,,0,0,0,0,,,,,,,,,,,,,,,,,,,,,,,,
Elamite_chariots,148,Allies,2,Light_Chariots,Jinetes,1,60,25,200,20,32,0,2,16,900,1,0,Elamite_Chariot,100,0,0,0,1,0,-1,1,0,200,100,400,0,100,100,0,0,0,0,0,100,0,0,0,0,0,0,0,0,0,0,0,0,0,0,0,0,100,,,-1,2500,0,60,10,300,,,,,0,0,0,0,,,,,,,,,,,,,,,,,,,,,,,,
Cimmerian_nobles,149,Allies,2,Cavalry,Jinetes,4,60,25,200,20,51,0,2,16,900,1,0,Rhoxolani_Cavalry,100,0,0,0,1,0,-1,1,0,200,240,400,50,200,200,0,0,0,0,0,50,0,0,0,0,0,0,0,0,0,0,0,0,100,100,0,0,100,,,-1,0,1,-100,21,800,,,,,0,0,0,0,,,,,,,,,,,,,,,,,,,,,,,,
Mede_spearmen,150,Allies,2,Medium_Foot,Pikes,8,60,25,200,20,36,0,1,10,600,1,0,Mede_Spearmen,100,0,0,0,1,0,-1,1,0,200,480,600,50,100,100,0,0,0,0,0,0,0,0,0,0,0,0,0,0,0,0,0,0,100,100,0,0,100,,,-1,0,3,-100,16,590,,,,,0,0,0,0,,,,,,,,,,,,,,,,,,,,,,,,
Elamite_Cavalry,151,Allies,2,Cavalry,HorseArchersTurkish,4,60,25,200,20,38,0,2,16,900,1,0,Elamite_Cavalry,100,0,0,0,1,0,-1,1,0,200,240,400,0,100,100,0,0,0,0,0,100,0,0,0,0,0,0,0,0,0,0,0,0,0,100,0,0,100,,,-1,0,1,-100,21,800,,,,,0,0,0,0,,,,,,,,,,,,,,,,,,,,,,,,
Phoenician_Spear,152,Allies,2,Heavy_Foot,Pikes,8,60,25,200,20,42,0,1,10,600,1,0,African_Spearmen,100,0,0,0,1,0,-1,1,0,200,480,600,50,75,75,0,0,0,0,0,0,0,0,0,0,0,0,0,0,0,0,100,0,0,0,0,0,100,,,-1,2500,3,-100,4.5,275,,,,,0,0,0,0,,,,,,,,,,,,,,,,,,,,,,,,
Paighan_Foot,264,Allies,2,Undrilled_Heavy_Foot,Pikes,8,60,25,200,20,36,0,1,10,600,1,0,Paighan_Foot,100,0,0,0,1,0,-1,1,0,200,480,600,50,100,100,0,0,0,0,0,0,0,0,0,0,0,0,0,0,0,0,0,0,100,100,0,0,100,,,-1,2600,3,-100,4.5,275,,,,,0,0,0,0,,,,,,,,,,,,,,,,,,,,,,,,
Ass_Med_Archers,267,Allies,2,Bowmen,ArchersTurkish,8,60,25,200,20,36,0,1,10,600,1,0,Ass_Med_Archers,100,0,0,0,0,0,-1,1,0,200,480,600,0,100,100,0,0,0,0,0,100,0,0,0,0,0,0,0,0,0,0,0,0,0,0,0,0,100,,,-1,2500,3,-100,4.5,275,,,,,0,0,0,0,,,,,,,,,,,,,,,,,,,,,,,,
Hoplite_Lydian,269,Allies,2,Undrilled_Heavy_Foot,Pikes,8,60,25,200,20,54,0,1,10,600,1,0,Hoplite_Lydian,100,0,0,0,1,0,-1,1,0,200,480,600,100,100,100,0,0,0,0,0,0,0,0,0,0,0,0,0,0,0,0,100,0,0,0,0,0,100,,,-1,2500,3,-100,4.5,275,, ,,,0,0,0,0,,,,,,,,,,,,,,,,,,,,,,,,
Egyp_MedArch,270,Allies,2,Bowmen,ArchersTurkish,8,60,25,200,20,36,0,1,10,600,1,0,Egyp_MedArch,100,0,0,0,1,0,-1,1,0,200,480,600,0,100,100,0,0,0,0,0,100,0,0,0,0,0,0,0,0,0,0,0,0,0,0,0,0,100,,,-1,2500,3,-100,4.5,275,,,,,0,0,0,0,,,,,,,,,,,,,,,,,,,,,,,,
Egyp_archers,271,Allies,2,Light_Foot,ArchersTurkish,4,60,25,200,20,30,0,1,12,600,1,0,Egyp_archers,100,0,0,0,0,0,-1,1,0,200,240,300,0,100,100,0,0,0,0,0,100,0,0,0,0,0,0,0,0,0,0,0,0,0,0,0,0,100,,,-1,2500,3,-100,4.5,275,,,,,0,0,0,0,,,,,,,,,,,,,,,,,,,,,,,,
Egyp_LF_Jav,272,Allies,2,Light_Foot,ArchersTurkish,4,60,25,200,20,24,0,1,12,600,1,0,Egyp_LF_Jav,100,0,0,0,0,0,-1,1,0,200,240,300,0,100,100,0,0,0,0,0,0,0,0,0,100,0,0,0,0,0,0,0,0,100,0,0,0,100,,,-1,2500,3,-100,4.5,275,,,,,0,0,0,0,,,,,,,,,,,,,,,,,,,,,,,,
Egyp_Irr_Foot,273,Allies,2,Medium_Foot,Pikes,8,60,25,200,20,30,0,1,10,600,1,0,Egyp_Irr_Foot,100,0,0,0,1,0,-1,1,0,200,480,600,25,100,100,0,0,0,0,0,0,0,0,0,0,0,0,0,0,0,0,0,0,100,50,0,0,100,,,-1,2600,3,-100,4.5,275,,,,,0,0,0,0,,,,,,,,,,,,,,,,,,,,,,,,
Hebrew_Archer,274,Allies,2,Light_Foot,ArchersTurkish,4,60,25,200,20,30,0,1,12,600,1,0,Hebrew_Archer,100,0,0,0,0,0,-1,1,0,200,240,300,0,100,100,0,0,0,0,0,100,0,0,0,0,0,0,0,0,0,0,0,0,0,0,0,0,100,,,-1,2600,3,-100,4.5,275,,,,,0,0,0,0,,,,,,,,,,,,,,,,,,,,,,,,
Elamite_Archers,275,Allies,2,Bowmen,ArchersTurkish,8,60,25,200,20,36,0,1,10,600,1,0,Elamite_Archers,100,0,0,0,1,0,-1,1,0,200,480,600,0,100,100,0,0,0,0,0,100,0,0,0,0,0,0,0,0,0,0,0,0,0,0,0,0,100,,,-1,2600,3,-100,4.5,275,,,,,0,0,0,0,,,,,,,,,,,,,,,,,,,,,,,,
Elamite_Lt_Arch,276,Allies,2,Light_Foot,ArchersTurkish,4,60,25,200,20,30,0,1,12,600,1,0,Elamite_Lt_Arch,100,0,0,0,0,0,-1,1,0,200,240,300,0,100,100,0,0,0,0,0,100,0,0,0,0,0,0,0,0,0,0,0,0,0,0,0,0,100,,,-1,2600,3,-100,4.5,275,,,,,0,0,0,0,,,,,,,,,,,,,,,,,,,,,,,,
Praetorian_Guard,379,Allies,2,Heavy_Foot,Pikes,8,60,25,200,20,87,0,1,10,600,1,0,Praetorian_Guard,100,0,0,0,1,0,-1,1,0,200,480,600,100,250,250,0,0,0,0,0,0,0,0,0,0,0,0,0,100,0,0,0,0,0,100,0,0,100,,,-1,2500,3,-100,4.5,275,,,,,0,0,0,0,,,,,,,,,,,,,,,,,,,,,,,,
Praetorian_Late,380,Allies,2,Heavy_Foot,Pikes,8,60,25,200,20,75,0,1,10,600,1,0,Praetorian_Guard,100,0,0,0,1,0,-1,1,0,200,480,600,100,200,200,0,0,0,0,0,0,0,0,0,0,100,0,0,0,0,0,0,0,100,100,0,0,100,,,-1,2500,3,-100,4.5,275,,,,,0,0,0,0,,,,,,,,,,,,,,,,,,,,,,,,
Greek_Peltast,381,Allies,2,Light_Foot,ArchersTurkish,4,60,25,200,20,30,0,1,12,600,1,0,Greek_Peltast,100,0,0,0,0,0,-1,1,0,200,240,300,25,100,100,0,0,0,0,0,0,0,0,0,100,0,0,0,0,0,0,0,0,100,50,0,0,100,,,-1,2500,3,-100,4.5,275,,,,,0,0,0,0,,,,,,,,,,,,,,,,,,,,,,,,
Thracian_Peltast,382,Allies,2,Light_Foot,ArchersTurkish,4,60,25,200,20,30,0,1,12,600,1,0,Thracian_Peltast,100,0,0,0,0,0,-1,1,0,200,240,300,25,100,100,0,0,0,0,0,0,0,0,0,100,0,0,0,0,0,0,0,0,100,50,0,0,100,,,-1,2500,3,-100,4.5,275,,,,,0,0,0,0,,,,,,,,,,,,,,,,,,,,,,,,
Thracian_Med_Jav,383,Allies,2,Medium_Foot,Pikes,8,60,25,200,20,33,0,1,10,600,1,0,Thracian_Med_Jav,100,0,0,0,1,0,-1,1,0,200,480,600,50,100,100,0,0,0,0,0,0,0,0,0,0,0,0,0,0,0,0,0,0,100,50,0,0,100,,,-1,2500,3,-100,4.5,275,,,,,0,0,0,0,,,,,,,,,,,,,,,,,,,,,,,,
Thracian_Spear,384,Allies,2,Medium_Foot,Pikes,8,60,25,200,20,42,0,1,10,600,1,0,Thracian_Spear,100,0,0,0,1,0,-1,1,0,200,480,600,50,100,100,0,0,0,0,0,0,0,0,0,0,0,0,0,0,0,0,100,0,0,0,0,0,100,,,-1,2500,3,-100,4.5,275,,,,,0,0,0,0,,,,,,,,,,,,,,,,,,,,,,,,
Takabara,385,Allies,2,Medium_Foot,Pikes,8,60,25,200,20,33,0,1,10,600,1,0,Takabara,100,0,0,0,1,0,-1,1,0,200,480,600,50,100,100,0,0,0,0,0,0,0,0,0,0,0,0,0,0,0,0,0,0,100,50,0,0,100,,,-1,2500,3,-100,4.5,275,,,,,0,0,0,0,,,,,,,,,,,,,,,,,,,,,,,,
Kerns,190,Allies,2,Medium_Foot,Pikes,8,60,25,200,20,30,0,1,10,600,1,0,Scots_Irish,100,0,0,0,1,0,-1,1,0,200,480,600,25,100,100,0,0,0,0,0,0,0,0,0,0,0,0,0,0,0,0,0,0,100,50,0,0,100,,,-1,2500,3,-100,4.5,275,,,,,0,0,0,0,,,,,,,,,,,,,,,,,,,,,,,,
Akinjis,213,Allies,2,Light_Horse,HorseArchers,2,60,25,200,20,28,0,2,20,1100,1,0,Akinjis,100,0,0,0,1,0,-1,1,0,200,120,200,0,100,100,0,0,0,0,0,100,0,0,0,0,0,0,0,0,0,0,0,0,0,0,0,0,100,,,-1,2500,1,-100,6.8,350,,,,,0,0,0,0,,,,,,,,,,,,,,,,,,,,,,,,
Berber_LH,220,Allies,2,Light_Horse,Jinetes,2,60,25,200,20,24,0,2,20,1100,1,0,Berber_LH,100,0,0,0,1,0,-1,1,0,200,120,200,0,100,100,0,0,0,0,0,0,0,0,0,100,0,0,0,0,0,0,0,0,100,0,0,0,100,,,-1,0,1,-100,21,800,,,,,0,0,0,0,,,,,,,,,,,,,,,,,,,,,,,,
Muslim_lance_arm,221,Allies,2,Cavalry,NonLightLancers,4,60,25,200,20,64,0,2,16,900,1,0,Muslim_lance_arm,100,0,0,0,1,0,-1,1,0,200,240,400,100,200,200,0,0,0,0,0,0,0,0,0,0,0,0,100,0,0,0,0,0,0,100,0,0,100,,,-1,2500,1,-100,6.8,350,Dis_Jund_Cav_Sup_S,,,,0,0,0,0,,,,,,,,,,,,,,,,,,,,,,,,
Muslim_Spear,226,Allies,2,Undrilled_Heavy_Foot,Pikes,8,60,25,200,20,36,0,1,10,600,1,0,Muslim_Spear,100,0,0,0,1,0,-1,1,0,200,480,600,50,100,100,0,0,0,0,0,0,0,0,0,0,0,0,0,0,0,0,0,100,0,0,0,0,100,,,-1,2500,3,-100,4.5,275,,Muslim_Spear_Sup,,,0,0,0,0,,,,,,,,,,,,,,,,,,,,,,,,
Muslim_Spear_Raw,227,Allies,2,Undrilled_Heavy_Foot,Pikes,8,60,25,200,20,24,0,1,10,600,1,0,Muslim_Spear_Raw,100,0,0,0,1,0,-1,1,0,200,480,600,50,50,50,0,0,0,0,0,0,0,0,0,0,0,0,0,0,0,0,0,100,0,0,0,0,100,,,-1,2500,3,-100,4.5,275,,Muslim_Spear,,,0,0,0,0,,,,,,,,,,,,,,,,,,,,,,,,
Muslim_Mass_Bow,228,Allies,2,Bowmen,ArchersTurkish,8,60,25,200,20,36,0,1,10,600,1,0,Muslim_Mass_Bow,100,0,0,0,1,0,-1,1,0,200,480,600,0,100,100,0,0,0,0,0,100,0,0,0,0,0,0,0,0,0,0,0,0,0,0,0,0,100,,,-1,2500,3,-100,4.5,275,,,,,0,0,0,0,,,,,,,,,,,,,,,,,,,,,,,,
Ghilman,232,Allies,2,Cavalry,HorseArchersTurkish,4,60,25,200,20,64,0,2,16,900,1,0,Ghilman,100,0,0,0,1,0,-1,1,0,200,240,400,100,200,200,0,0,0,0,0,100,0,0,0,0,0,0,0,0,0,0,0,0,0,100,0,0,100,,,-1,0,1,-100,21,800,Dis_Ghilman,,,,0,0,0,0,,,,,,,,,,,,,,,,,,,,,,,,
Turcoman_Cav,234,Allies,2,Cavalry,HorseArchersTurkish,4,60,25,200,20,42,0,2,16,900,1,0,Turcoman_Cav,100,0,0,0,1,0,-1,1,0,200,240,400,50,100,100,0,0,0,0,0,100,0,0,0,0,0,0,0,0,0,0,0,0,0,100,0,0,100,,,-1,0,1,-100,21,800,,,,,0,0,0,0,,,,,,,,,,,,,,,,,,,,,,,,
Turcoman_LH,235,Allies,2,Light_Horse,HorseArchers,2,60,25,200,20,36,0,2,20,1100,1,0,Turcoman_LH,100,0,0,0,1,0,-1,1,0,200,120,200,0,100,100,0,0,0,0,0,100,0,0,0,0,0,0,0,0,0,0,0,0,0,100,0,0,100,,,-1,0,1,-100,21,800,,,,,0,0,0,0,,,,,,,,,,,,,,,,,,,,,,,,
Muslim_LF_Bow,241,Allies,2,Light_Foot,ArchersTurkish,4,60,25,200,20,30,0,1,12,600,1,0,Muslim_LF_Bow,100,0,0,0,0,0,-1,1,0,200,240,300,0,100,100,0,0,0,0,0,100,0,0,0,0,0,0,0,0,0,0,0,0,0,0,0,0,100,,,-1,2600,3,-100,4.5,275,,,,,0,0,0,0,,,,,,,,,,,,,,,,,,,,,,,,
Naffatun,247,Allies,2,Light_Foot,ArchersTurkish,4,60,25,200,20,36,0,1,12,600,1,0,naffatun,100,0,0,0,0,0,-1,1,0,200,240,300,0,100,100,0,0,0,0,100,0,0,0,0,0,0,0,0,0,0,0,0,0,0,0,0,0,100,,,-1,2500,3,-100,4.5,275,,,,,0,0,0,0,,,,,,,,,,,,,,,,,,,,,,,,
Muslim_Irr_Foot,258,Allies,2,Medium_Foot,Pikes,8,60,25,200,20,30,0,1,10,600,1,0,Muslim_Irr_Foot,100,0,0,0,1,0,-1,1,0,200,480,600,25,100,100,0,0,0,0,0,0,0,0,0,0,0,0,0,0,0,0,0,0,100,50,0,0,100,,,-1,2500,3,-100,4.5,275,,,,,0,0,0,0,,,,,,,,,,,,,,,,,,,,,,,,
Ind_Lance_Sup,260,Allies,2,Cavalry,NonLightLancers,4,60,25,200,20,56,0,2,16,900,1,0,Muslim_lance_arm,100,0,0,0,1,0,-1,1,0,200,240,400,75,200,200,0,0,0,0,0,0,0,0,0,0,0,0,100,0,0,0,0,0,0,100,0,0,100,,,-1,2500,1,-100,6.8,350,,,,,0,0,0,0,,,,,,,,,,,,,,,,,,,,,,,,
Ind_Lance_Ave,261,Allies,2,Cavalry,NonLightLancers,4,60,25,200,20,36,0,2,16,900,1,0,Bedouin_Cav,100,0,0,0,1,0,-1,1,0,200,240,400,50,100,100,0,0,0,0,0,0,0,0,0,0,0,0,100,0,0,0,0,0,0,100,0,0,100,,,-1,0,1,-100,21,800,,Ind_Lance_Sup,,,0,0,0,0,,,,,,,,,,,,,,,,,,,,,,,,
Muslim_LF_Jav,262,Allies,2,Light_Foot,ArchersTurkish,4,60,25,200,20,24,0,1,12,600,1,0,Muslim_LF_Jav,100,0,0,0,0,0,-1,1,0,200,240,300,0,100,100,0,0,0,0,0,0,0,0,0,100,0,0,0,0,0,0,0,0,100,0,0,0,100,,,-1,2600,3,-100,4.5,275,,,,,0,0,0,0,,,,,,,,,,,,,,,,,,,,,,,,
Muslim_Spear_Sup,263,Allies,2,Undrilled_Heavy_Foot,Pikes,8,60,25,200,20,60,0,1,10,600,1,0,Muslim_Spear_Sup,100,0,0,0,1,0,-1,1,0,200,480,600,50,200,200,0,0,0,0,0,0,0,0,0,0,0,0,0,0,0,0,100,0,0,0,0,0,100,,,-1,2500,3,-100,4.5,275,,,,,0,0,0,0,,,,,,,,,,,,,,,,,,,,,,,,
E_Feud_Xbow,291,Allies,2,Bowmen,ArchersTurkish,8,60,25,200,20,30,0,1,10,600,1,0,E_Feud_Xbow,100,0,0,0,1,0,-1,1,0,200,480,600,0,100,100,0,0,0,0,0,0,0,100,0,0,0,0,0,0,0,0,0,0,0,0,0,0,100,,,-1,0,3,-100,16,590,,,,,0,0,0,0,,,,,,,,,,,,,,,,,,,,,,,,
Feud_L_Xbow,293,Allies,2,Light_Foot,ArchersTurkish,4,60,25,200,20,30,0,1,12,600,1,0,Feud_L_Xbow,100,0,0,0,0,0,-1,1,0,200,240,300,0,100,100,0,0,0,0,0,0,0,100,0,0,0,0,0,0,0,0,0,0,0,0,0,0,100,,,-1,0,3,-100,16,590,,,,,0,0,0,0,,,,,,,,,,,,,,,,,,,,,,,,
Irish_Foot_Sup,299,Allies,2,Medium_Foot,Pikes,8,60,25,200,20,51,0,1,10,600,1,0,Irish_Foot_Sup,100,0,0,0,1,0,-1,1,0,200,480,600,25,200,200,0,0,0,0,0,0,0,0,0,0,0,0,0,0,0,100,0,0,0,0,0,0,100,,,-1,0,3,-100,16,590,,,,,0,0,0,0,,,,,,,,,,,,,,,,,,,,,,,,
Irish_Foot,300,Allies,2,Medium_Foot,Pikes,8,60,25,200,20,39,0,1,10,600,1,0,Irish_Foot,100,0,0,0,1,0,-1,1,0,200,480,600,25,100,100,0,0,0,0,0,0,0,0,0,0,0,0,0,0,0,100,0,0,0,0,0,0,100,,,-1,0,3,-100,16,590,,Irish_Foot_Sup,,,0,0,0,0,,,,,,,,,,,,,,,,,,,,,,,,
Byz_Skutatoi,327,Allies,2,Heavy_Foot,Pikes,8,60,25,200,20,44,0,1,10,600,1,0,Byz_Skutatoi,100,0,0,0,1,0,-1,1,0,200,480,600,67,100,100,0,0,0,0,0,0,0,0,0,0,0,0,0,0,0,0,0,100,0,0,0,0,100,,,-1,2500,3,-100,4.5,275,,,,,0,0,0,0,,,,,,,,,,,,,,,,,,,,,,,,
Byz_Skutatoi_Raw,328,Allies,2,Heavy_Foot,Pikes,8,60,25,200,20,24,0,1,10,600,1,0,Byz_Skutatoi_Raw,100,0,0,0,1,0,-1,1,0,200,480,600,50,50,50,0,0,0,0,0,0,0,0,0,0,0,0,0,0,0,0,0,100,0,0,0,0,100,,,-1,2500,3,-100,4.5,275,,Byz_Skutatoi,,,0,0,0,0,,,,,,,,,,,,,,,,,,,,,,,,
Byz_Archer,329,Allies,2,Light_Foot,ArchersTurkish,4,60,25,200,20,30,0,1,12,600,1,0,Byz_Archer,100,0,0,0,0,0,-1,1,0,200,240,300,0,100,100,0,0,0,0,0,100,0,0,0,0,0,0,0,0,0,0,0,0,0,0,0,0,100,,,-1,2500,3,-100,4.5,275,,,,,0,0,0,0,,,,,,,,,,,,,,,,,,,,,,,,
Byz_Med_Archer,330,Allies,2,Bowmen,ArchersTurkish,8,60,25,200,20,36,0,1,10,600,1,0,Byz_Med_Archer,100,0,0,0,0,0,-1,1,0,200,480,600,0,100,100,0,0,0,0,0,100,0,0,0,0,0,0,0,0,0,0,0,0,0,0,0,0,100,,,-1,2500,3,-100,4.5,275,,,,,0,0,0,0,,,,,,,,,,,,,,,,,,,,,,,,
Dailami_Foot_Ave,333,Allies,2,Medium_Foot,Pikes,8,60,25,200,20,42,0,1,10,600,1,0,Dailami_Foot_Ave,100,0,0,0,1,0,-1,1,0,200,480,600,50,100,100,0,0,0,0,0,0,0,0,0,0,0,0,0,100,0,0,0,0,0,100,0,0,100,,,-1,2500,3,-100,4.5,275,,Dailami_Foot,,,0,0,0,0,,,,,,,,,,,,,,,,,,,,,,,,
Muslim_Elephants,334,Allies,2,Elephants,Elephants,1,60,38,200,20,60,0,2,12,600,1,0,Muslim_Elephants,100,0,0,0,1,0,-1,1,0,200,20,400,0,100,100,0,0,0,0,0,0,0,0,0,0,0,0,0,0,0,0,0,0,0,0,0,0,100,,,-1,2500,0,100,15,600,,,,,0,0,0,0,,,,,,,,,,,,,,,,,,,,,,,,
Muslim_Cav_Jav,335,Allies,2,Cavalry,Jinetes,4,60,25,200,20,32,0,2,16,900,1,0,Muslim_Cav_Jav,100,0,0,0,1,0,-1,1,0,200,240,400,50,100,100,0,0,0,0,0,0,0,0,0,0,0,0,0,0,0,0,0,0,100,100,0,0,100,,,-1,0,1,-100,21,800,,,,,0,0,0,0,,,,,,,,,,,,,,,,,,,,,,,,
Abid_al_shira,373,Allies,2,Heavy_Foot,Pikes,8,60,25,200,20,39,0,1,10,600,1,0,Abid_al_shira,100,0,0,0,1,0,-1,1,0,200,480,600,50,100,100,0,0,0,0,0,0,0,0,0,0,0,0,0,0,0,0,0,0,100,100,0,0,100,,,-1,2600,3,-100,4.5,275,,,,,0,0,0,0,,,,,,,,,,,,,,,,,,,,,,,,
Byz_Kataphraktoi,338,Allies,2,Cataphracts,Gendarmes,5,60,25,200,20,83,0,2,12,900,1,0,Byz_Kataphraktoi,100,0,0,0,1,0,-1,1,0,200,240,400,300,300,300,0,0,0,0,0,50,0,0,0,0,0,0,100,0,0,0,0,0,0,100,0,0,100,,,-1,2500,1,-100,6.8,350,,,,,0,0,0,0,,,,,,,,,,,,,,,,,,,,,,,,
DA_Off_Spear,339,Allies,2,Undrilled_Heavy_Foot,Pikes,8,60,25,200,20,42,0,1,10,600,1,0,DA_Off_Spear,100,0,0,0,1,0,-1,1,0,200,480,600,50,100,100,0,0,0,0,0,0,0,0,0,0,0,0,0,0,0,0,100,0,0,0,0,0,100,,,-1,2500,3,-100,4.5,275,,,,,0,0,0,0,,,,,,,,,,,,,,,,,,,,,,,,
DA_Off_Spear_Raw,340,Allies,2,Undrilled_Heavy_Foot,Pikes,12,60,25,200,20,33,0,1,10,600,1,0,DA_Off_Spear_Raw,100,0,0,0,1,0,-1,1,0,200,720,900,50,50,50,0,0,0,0,0,0,0,0,0,0,0,0,0,0,0,0,0,100,0,0,0,0,100,,,-1,2500,3,-100,4.5,275,,DA_Off_Spear,,,0,0,0,0,,,,,,,,,,,,,,,,,,,,,,,,
Huscarls_Spear,341,Allies,2,Undrilled_Heavy_Foot,Pikes,8,60,25,200,20,72,0,1,10,600,1,0,Huscarls_Spear,100,0,0,0,1,0,-1,1,0,200,480,600,100,200,200,0,0,0,0,0,0,0,0,0,0,0,0,0,0,0,0,100,0,0,0,0,0,100,,,-1,2600,3,-100,4.5,275,,,,,0,0,0,0,,,,,,,,,,,,,,,,,,,,,,,,
Mtd_Huscarls_Sp,342,Allies,2,Cavalry,Jinetes,4,60,25,200,20,60,0,2,16,900,1,0,Mtd_Huscarls_Sp,100,0,0,0,1,0,-1,1,0,200,240,400,100,200,200,0,0,0,0,0,0,0,0,0,0,0,0,0,0,0,0,0,0,100,100,0,0,100,,,-1,2500,1,-100,6.8,350,Huscarls_Sp_Sm,,,,0,0,0,0,,,,,,,,,,,,,,,,,,,,,,,,
Huscarls_Sp_Sm,343,Allies,2,Undrilled_Heavy_Foot,Pikes,4,60,25,200,20,48,0,1,10,600,1,0,Huscarls_Sp_Sm,100,0,0,0,1,0,-1,1,0,200,240,400,100,200,200,0,0,0,0,0,0,0,0,0,0,0,0,0,0,0,0,100,0,0,0,0,0,100,,,-1,2600,1,-100,4.5,275,Mtd_Huscarls_Sp,,,,0,0,0,0,,,,,,,,,,,,,,,,,,,,,,,,
Huscarls_Axe,344,Allies,2,Undrilled_Heavy_Foot,Pikes,8,60,25,200,20,72,0,1,10,600,1,0,Huscarls_Axe,100,0,0,0,1,0,-1,1,0,200,480,600,100,200,200,0,0,0,0,0,0,0,0,0,0,0,0,0,0,0,100,0,0,0,0,0,0,100,,,-1,2600,3,-100,4.5,275,,,,,0,0,0,0,,,,,,,,,,,,,,,,,,,,,,,,
Mtd_Huscarls_Ax,345,Allies,2,Cavalry,Jinetes,4,60,25,200,20,60,0,2,16,900,1,0,Mtd_Huscarls_Ax,100,0,0,0,1,0,-1,1,0,200,240,400,100,200,200,0,0,0,0,0,0,0,0,0,0,0,0,0,0,0,0,0,0,100,100,0,0,100,,,-1,2500,1,-100,6.8,350,Huscarls_Ax_Sm,,,,0,0,0,0,,,,,,,,,,,,,,,,,,,,,,,,
Huscarls_Ax_Sm,346,Allies,2,Undrilled_Heavy_Foot,Pikes,4,60,25,200,20,48,0,1,10,600,1,0,Huscarls_Ax_Sm,100,0,0,0,1,0,-1,1,0,200,240,400,100,200,200,0,0,0,0,0,0,0,0,0,0,0,0,0,0,0,100,0,0,0,0,0,0,100,,,-1,2600,1,-100,4.5,275,Mtd_Huscarls_Ax,,,,0,0,0,0,,,,,,,,,,,,,,,,,,,,,,,,
DA_Off_Spear_Arm,347,Allies,2,Undrilled_Heavy_Foot,Pikes,8,60,25,200,20,48,0,1,10,600,1,0,DA_Off_Spear_Arm,100,0,0,0,1,0,-1,1,0,200,480,600,75,100,100,0,0,0,0,0,0,0,0,0,0,0,0,0,0,0,0,100,0,0,0,0,0,100,,,-1,2500,3,-100,4.5,275,,,,,0,0,0,0,,,,,,,,,,,,,,,,,,,,,,,,
DA_Lanc_Arm,348,Allies,2,Cavalry,NonLightLancers,4,60,25,200,20,64,0,2,16,900,1,0,DA_Lanc_Arm,100,0,0,0,1,0,-1,1,0,200,240,400,100,200,200,0,0,0,0,0,0,0,0,0,0,0,0,100,0,0,0,0,0,0,100,0,0,100,,,-1,2500,1,-100,6.8,350,Dis_DA_Lanc_Arm,,,,0,0,0,0,,,,,,,,,,,,,,,,,,,,,,,,
Dis_DA_Lanc_Arm,349,Allies,2,Undrilled_Heavy_Foot,Pikes,4,60,25,200,20,48,0,1,10,600,1,0,Dis_DA_Lanc_Arm,100,0,0,0,1,0,-1,1,0,200,240,400,100,200,200,1,0,0,0,0,0,0,0,0,0,0,0,0,0,0,0,100,0,0,0,0,0,100,,,-1,2600,1,-100,4.5,275,DA_Lanc_Arm,,,,0,0,0,0,,,,,,,,,,,,,,,,,,,,,,,,
Dis_DA_Lanc_Arm_L,350,Allies,2,Undrilled_Heavy_Foot,Pikes,8,60,25,200,20,72,0,1,10,600,1,0,Dis_DA_Lanc_Arm,100,0,0,0,1,0,-1,1,0,200,480,600,100,200,200,1,0,0,0,0,0,0,0,0,0,0,0,0,0,0,0,100,0,0,0,0,0,100,,,-1,2600,1,-100,4.5,275,,,,,0,0,0,0,,,,,,,,,,,,,,,,,,,,,,,,
DA_Cav_Arm,351,Allies,2,Cavalry,Jinetes,4,60,25,200,20,60,0,2,16,900,1,0,DA_Cav_Arm,100,0,0,0,1,0,-1,1,0,200,240,400,100,200,200,0,0,0,0,0,0,0,0,0,0,0,0,0,0,0,0,0,0,100,100,0,0,100,,,-1,2500,1,-100,6.8,350,Dis_DA_Cav_Arm,,,,0,0,0,0,,,,,,,,,,,,,,,,,,,,,,,,
Dis_DA_Cav_Arm,352,Allies,2,Undrilled_Heavy_Foot,Pikes,4,60,25,200,20,48,0,1,10,600,1,0,Dis_DA_Cav_Arm,100,0,0,0,1,0,-1,1,0,200,240,400,100,200,200,1,0,0,0,0,0,0,0,0,0,0,0,0,0,0,0,100,0,0,0,0,0,100,,,-1,2600,1,-100,4.5,275,DA_Cav_Arm,,,,0,0,0,0,,,,,,,,,,,,,,,,,,,,,,,,
Dis_DA_Cav_Arm_L,353,Allies,2,Undrilled_Heavy_Foot,Pikes,8,60,25,200,20,72,0,1,10,600,1,0,Dis_DA_Cav_Arm,100,0,0,0,1,0,-1,1,0,200,480,600,100,200,200,1,0,0,0,0,0,0,0,0,0,0,0,0,0,0,0,100,0,0,0,0,0,100,,,-1,2600,1,-100,4.5,275,,,,,0,0,0,0,,,,,,,,,,,,,,,,,,,,,,,,
DA_Lanc_Prt,354,Allies,2,Cavalry,NonLightLancers,4,60,25,200,20,42,0,2,16,900,1,0,DA_Lanc_Prt,100,0,0,0,1,0,-1,1,0,200,240,400,50,150,150,0,0,0,0,0,0,0,0,0,0,0,0,100,0,0,0,0,0,0,100,0,0,100,,,-1,2500,1,-100,6.8,350,Dis_DA_Lanc_Prt,,,,0,0,0,0,,,,,,,,,,,,,,,,,,,,,,,,
Dis_DA_Lanc_Prt,355,Allies,2,Undrilled_Heavy_Foot,Pikes,4,60,25,200,20,33,0,1,10,600,1,0,Dis_DA_Lanc_Prt,100,0,0,0,1,0,-1,1,0,200,240,400,50,150,150,0,0,0,0,0,0,0,0,0,0,0,0,0,0,0,0,100,0,0,0,0,0,100,,,-1,2500,1,-100,4.5,275,DA_Lanc_Prt,,,,0,0,0,0,,,,,,,,,,,,,,,,,,,,,,,,
Dis_DA_Lanc_Prt_L,356,Allies,2,Undrilled_Heavy_Foot,Pikes,8,60,25,200,20,51,0,1,10,600,1,0,Dis_DA_Lanc_Prt,100,0,0,0,1,0,-1,1,0,200,480,600,50,150,150,0,0,0,0,0,0,0,0,0,0,0,0,0,0,0,0,100,0,0,0,0,0,100,,,-1,2500,1,-100,4.5,275,,,,,0,0,0,0,,,,,,,,,,,,,,,,,,,,,,,,
DA_Cav_Prt,357,Allies,2,Cavalry,Jinetes,4,60,25,200,20,38,0,2,16,900,1,0,DA_Cav_Prt,100,0,0,0,1,0,-1,1,0,200,240,400,50,150,150,0,0,0,0,0,0,0,0,0,0,0,0,0,0,0,0,0,0,100,100,0,0,100,,,-1,2500,1,-100,6.8,350,Dis_DA_Cav_Prt,,,,0,0,0,0,,,,,,,,,,,,,,,,,,,,,,,,
Dis_DA_Cav_Prt,358,Allies,2,Undrilled_Heavy_Foot,Pikes,4,60,25,200,20,33,0,1,10,600,1,0,Dis_DA_Cav_Prt,100,0,0,0,1,0,-1,1,0,200,240,400,50,150,150,0,0,0,0,0,0,0,0,0,0,0,0,0,0,0,0,100,0,0,0,0,0,100,,,-1,2500,1,-100,4.5,275,DA_Cav_Prt,,,,0,0,0,0,,,,,,,,,,,,,,,,,,,,,,,,
Dis_DA_Cav_Prt_L,359,Allies,2,Undrilled_Heavy_Foot,Pikes,8,60,25,200,20,51,0,1,10,600,1,0,Dis_DA_Cav_Prt,100,0,0,0,1,0,-1,1,0,200,480,600,50,150,150,0,0,0,0,0,0,0,0,0,0,0,0,0,0,0,0,100,0,0,0,0,0,100,,,-1,2500,1,-100,4.5,275,,,,,0,0,0,0,,,,,,,,,,,,,,,,,,,,,,,,
DA_Cv_Pr_Sp,360,Allies,2,Cavalry,Jinetes,4,60,25,200,20,49,0,2,16,900,1,0,DA_Cv_Pr_Sp,100,0,0,0,1,0,-1,1,0,200,240,400,67,200,200,0,0,0,0,0,0,0,0,0,0,0,0,0,0,0,0,0,0,100,100,0,0,100,,,-1,2500,1,-100,6.8,350,Dis_DA_Cv_Pr_Sp,,,,0,0,0,0,,,,,,,,,,,,,,,,,,,,,,,,
Dis_DA_Cv_Pr_Sp,361,Allies,2,Undrilled_Heavy_Foot,Pikes,4,60,25,200,20,43,0,1,10,600,1,0,Dis_DA_Cv_Pr_Sp,100,0,0,0,1,0,-1,1,0,200,240,400,67,200,200,0,0,0,0,0,0,0,0,0,0,0,0,0,0,0,0,100,0,0,0,0,0,100,,,-1,2500,1,-100,4.5,275,DA_Cv_Pr_Sp,,,,0,0,0,0,,,,,,,,,,,,,,,,,,,,,,,,
Dis_DA_Cv_Pr_Sp_L,362,Allies,2,Undrilled_Heavy_Foot,Pikes,8,60,25,200,20,64,0,1,10,600,1,0,Dis_DA_Cv_Pr_Sp_L,100,0,0,0,1,0,-1,1,0,200,480,600,67,200,200,0,0,0,0,0,0,0,0,0,0,0,0,0,0,0,0,100,0,0,0,0,0,100,,,-1,2500,3,-100,4.5,275,,,,,0,0,0,0,,,,,,,,,,,,,,,,,,,,,,,,
Musl_lnc_arm_ave,363,Allies,2,Cavalry,NonLightLancers,4,60,25,200,20,44,0,2,16,900,1,0,Musl_lnc_arm_ave,100,0,0,0,1,0,-1,1,0,200,240,400,100,100,100,0,0,0,0,0,0,0,0,0,0,0,0,100,0,0,0,0,0,0,100,0,0,100,,,-1,2500,1,-100,6.8,350,Dis_Jund_Cav_S,Muslim_lance_arm,,,0,0,0,0,,,,,,,,,,,,,,,,,,,,,,,,
Musl_Lance_Prot,364,Allies,2,Cavalry,NonLightLancers,4,60,25,200,20,42,0,2,16,900,1,0,Musl_Lance_Prot,100,0,0,0,1,0,-1,1,0,200,240,400,50,150,150,0,0,0,0,0,0,0,0,0,0,0,0,100,0,0,0,0,0,0,100,0,0,100,,,-1,0,1,-100,21,800,,,,,0,0,0,0,,,,,,,,,,,,,,,,,,,,,,,,
Byz_Lnce_Vet_Kite,365,Allies,2,Cavalry,NonLightLancers,4,60,25,200,20,71,0,2,16,900,1,0,Byz_Lnce_Vet_Kite,100,0,0,0,1,0,-1,1,0,200,240,400,100,200,200,0,0,0,0,0,50,0,0,0,0,0,0,50,0,0,0,0,0,0,100,0,0,100,,,-1,2500,1,-100,6.8,350,,,,,0,0,0,0,,,,,,,,,,,,,,,,,,,,,,,,
Byz_Lnce_Ave_Kite,366,Allies,2,Cavalry,NonLightLancers,4,60,25,200,20,53,0,2,16,900,1,0,Byz_Lnce_Ave_Kite,100,0,0,0,1,0,-1,1,0,200,240,400,100,125,125,0,0,0,0,0,50,0,0,0,0,0,0,50,0,0,0,0,0,0,100,0,0,100,,,-1,2500,1,-100,6.8,350,,Byz_Lnce_Vet_Kite,,,0,0,0,0,,,,,,,,,,,,,,,,,,,,,,,,
Byz_Skut_Arch,367,Allies,2,Heavy_Foot,Pikes,8,60,25,200,20,47,0,1,10,600,1,0,Byz_Skut_Arch,100,0,0,0,1,0,-1,1,0,200,480,600,67,100,100,0,0,0,0,0,50,0,0,0,0,0,0,0,0,0,0,0,50,0,0,0,0,100,,,-1,2500,3,-100,4.5,275,,,,,1,0,0,0,,,,,,,,,,,,,,,,,,,,,,,,
Byz_Skut_Arch_Raw,368,Allies,2,Heavy_Foot,Pikes,8,60,25,200,20,27,0,1,10,600,1,0,Byz_Skut_Arch_Raw,100,0,0,0,1,0,-1,1,0,200,480,600,50,50,50,0,0,0,0,0,50,0,0,0,0,0,0,0,0,0,0,0,50,0,0,0,0,100,,,-1,2500,3,-100,4.5,275,,Byz_Skut_Arch,,,1,0,0,0,,,,,,,,,,,,,,,,,,,,,,,,
Cuman_LH,370,Allies,2,Light_Horse,HorseArchers,2,60,25,200,20,36,0,2,20,1100,1,0,Cuman_LH,100,0,0,0,1,0,-1,1,0,200,120,200,0,100,100,0,0,0,0,0,100,0,0,0,0,0,0,0,0,0,0,0,0,0,100,0,0,100,,,-1,930,1,-100,21,800,,,,,0,0,0,0,,,,,,,,,,,,,,,,,,,,,,,,
Cuman_Cav,371,Allies,2,Cavalry,HorseArchersTurkish,4,60,25,200,20,42,0,2,16,900,1,0,Cuman_Cav,100,0,0,0,1,0,-1,1,0,200,240,400,50,100,100,0,0,0,0,0,100,0,0,0,0,0,0,0,0,0,0,0,0,0,100,0,0,100,,,-1,930,1,-100,21,800,,,,,0,0,0,0,,,,,,,,,,,,,,,,,,,,,,,,
Dis_Jund_Cav_L,372,Allies,2,Undrilled_Heavy_Foot,Pikes,8,60,25,200,20,42,0,1,10,600,1,0,Dis_Jund_Cav,100,0,0,0,1,0,-1,1,0,200,480,600,100,100,100,0,0,0,0,0,0,0,0,0,0,0,0,0,0,0,0,0,100,0,0,0,0,100,,,-1,2550,1,-100,4.5,275,,,,,0,0,0,0,,,,,,,,,,,,,,,,,,,,,,,,
Khazar_Guard,374,Allies,2,Undrilled_Heavy_Foot,Pikes,8,60,25,200,20,42,0,1,10,600,1,0,Dis_Jund_Cav,100,0,0,0,1,0,-1,1,0,200,480,600,100,100,100,0,0,0,0,0,0,0,0,0,0,0,0,0,0,0,0,0,100,0,0,0,0,100,,,-1,2550,1,-100,4.5,275,,,,,0,0,0,0,,,,,,,,,,,,,,,,,,,,,,,,
Berserkers,377,,,Warriors,Pikes,5,60,25,200,20,44,0,1,10,600,1,0,Berserkers,100,0,0,0,1,0,-1,1,0,200,300,400,50,300,300,0,0,0,0,0,0,0,0,0,0,0,0,0,100,0,0,0,0,0,100,0,0,100,,,-1,2500,3,-100,4.5,275,,,,,0,0,0,0,,,,,,,,,,,,,,,,,,,,,,,,
MF_Skutatoi,378,Allies,2,Medium_Foot,Pikes,8,60,25,200,20,36,0,1,10,600,1,0,aux_palatina,100,0,0,0,1,0,-1,1,0,200,480,600,50,100,100,0,0,0,0,0,0,0,0,0,0,0,0,0,0,0,0,0,0,100,100,0,0,100,,,-1,0,3,-100,18,620,,,,,0,0,0,0,,,,,,,,,,,,,,,,,,,,,,,,
Varangian_Guard_E,369,Allies,2,Heavy_Foot,Pikes,8,60,25,200,20,90,0,1,10,600,1,0,Varangian_Guard_E,100,0,0,0,1,0,-1,1,0,200,480,600,150,250,250,0,0,0,0,0,0,0,0,0,0,0,0,0,0,0,0,100,0,0,0,0,0,100,,,-1,2600,3,-100,4.5,275,,,,,0,0,0,0,,,,,,,,,,,,,,,,,,,,,,,,
E_Tagmatic_Cav,422,Allies,2,Cavalry,NonLightLancers,4,60,25,200,20,71,0,2,16,900,1,0,byz_lancers_vet,100,0,0,0,1,0,-1,1,0,200,240,400,100,200,200,0,0,0,0,0,50,0,0,0,0,0,0,100,0,0,0,0,0,0,100,0,0,100,,,-1,2500,1,-100,6.8,350,,,,,0,0,0,0,,,,,,,,,,,,,,,,,,,,,,,,
E_Thematic_Cav,423,Allies,2,Cavalry,NonLightLancers,4,60,25,200,20,53,0,2,16,900,1,0,byz_lancers_ave,100,0,0,0,1,0,-1,1,0,200,240,400,100,125,125,0,0,0,0,0,50,0,0,0,0,0,0,100,0,0,0,0,0,0,100,0,0,100,,,-1,2500,1,-100,6.8,350,,E_Tagmatic_Cav,,,0,0,0,0,,,,,,,,,,,,,,,,,,,,,,,,
Tagm_Koursores,424,Allies,2,Cavalry,HorseArchersTurkish,4,60,25,200,20,64,0,2,16,900,1,0,Tagm_Koursores,100,0,0,0,1,0,-1,1,0,200,240,400,100,200,200,0,0,0,0,0,100,0,0,0,0,0,0,0,0,0,0,0,0,0,100,0,0,100,,,-1,0,1,-100,21,800,,,,,0,0,0,0,,,,,,,,,,,,,,,,,,,,,,,,
Them_Koursores,425,Allies,2,Cavalry,HorseArchersTurkish,4,60,25,200,20,50,0,2,16,900,1,0,Them_Koursores,100,0,0,0,1,0,-1,1,0,200,240,400,100,125,125,0,0,0,0,0,100,0,0,0,0,0,0,0,0,0,0,0,0,0,100,0,0,100,,,-1,0,1,-100,21,800,,Tagm_Koursores,,,0,0,0,0,,,,,,,,,,,,,,,,,,,,,,,,
Medium_Axemen,426,Allies,2,Medium_Foot,Pikes,8,60,25,200,20,36,0,1,10,600,1,0,Irish_Foot,100,0,0,0,1,0,-1,1,0,200,480,600,0,100,100,0,0,0,0,0,0,0,0,0,0,0,0,0,0,0,100,0,0,0,0,0,0,100,,,-1,0,3,-100,16,590,, ,,,0,0,0,0,,,,,,,,,,,,,,,,,,,,,,,,
Greek_Med_Pelt,427,Allies,2,Medium_Foot,Pikes,8,60,25,200,20,33,0,1,10,600,1,0,Greek_Med_Pelt,100,0,0,0,1,0,-1,1,0,200,480,600,50,100,100,0,0,0,0,0,0,0,0,0,0,0,0,0,0,0,0,0,0,100,50,0,0,100,,,-1,2500,3,-100,4.5,275,,,,,0,0,0,0,,,,,,,,,,,,,,,,,,,,,,,,
Dis_Jund_Cav_S,430,Allies,2,Undrilled_Heavy_Foot,Pikes,4,60,25,200,20,28,0,1,10,600,1,0,Dis_Jund_Cav,100,0,0,0,1,0,-1,1,0,200,240,400,100,100,100,0,0,0,0,0,0,0,0,0,0,0,0,0,0,0,0,0,100,0,0,0,0,100,,,-1,2550,1,-100,4.5,275,Musl_lnc_arm_ave,,,,0,0,0,0,,,,,,,,,,,,,,,,,,,,,,,,
Dis_Jund_Cav_Sup_S,431,Allies,2,Undrilled_Heavy_Foot,Pikes,4,60,25,200,20,44,0,1,10,600,1,0,Dis_Jund_Cav_Sup,100,0,0,0,1,0,-1,1,0,200,240,400,100,200,200,0,0,0,0,0,0,0,0,0,0,0,0,0,0,0,0,0,100,0,0,0,0,100,,,-1,2550,1,-100,4.5,275,Muslim_lance_arm,,,,0,0,0,0,,,,,,,,,,,,,,,,,,,,,,,,
Dis_Ghilman,432,Allies,2,Bowmen,Pikes,4,60,25,200,20,52,0,1,10,600,1,0,Dis_Ghilman,100,0,0,0,1,0,-1,1,0,200,240,400,100,200,200,0,0,0,0,0,100,0,0,0,0,0,0,0,0,0,0,0,0,0,100,0,0,100,,,-1,0,1,-100,18,620,Ghilman,,,,0,0,0,0,,,,,,,,,,,,,,,,,,,,,,,,
Early_Turkish_Cav,433,Allies,2,Cavalry,HorseArchersTurkish,4,60,25,200,20,42,0,2,16,900,1,0,nomad_cav_sup,100,0,0,0,1,0,-1,1,0,200,240,400,50,100,100,0,0,0,0,0,100,0,0,0,0,0,0,0,0,0,0,0,0,0,100,0,0,100,,,-1,900,1,-100,21,800,,,,,0,0,0,0,,,,,,,,,,,,,,,,,,,,,,,,
Early_Turkish_LH,434,Allies,2,Light_Horse,HorseArchers,2,60,25,200,20,36,0,2,20,1100,1,0,nomad_LH_sup,100,0,0,0,1,0,-1,1,0,200,120,200,0,100,100,0,0,0,0,0,100,0,0,0,0,0,0,0,0,0,0,0,0,0,100,0,0,100,,,-1,900,1,-100,21,800,,,,,0,0,0,0,,,,,,,,,,,,,,,,,,,,,,,,
Spanish_Cav,444,Allies,2,Cavalry,Jinetes,4,60,25,200,20,44,0,2,16,900,1,0,Spanish_Cav,100,0,0,0,1,0,-1,1,0,200,240,400,50,200,200,0,0,0,0,0,0,0,0,0,0,0,0,0,0,0,0,0,0,100,100,0,0,100,,,-1,0,1,-100,21,800,,,,,0,0,0,0,,,,,,,,,,,,,,,,,,,,,,,,
Spanish_LH,445,,,Light_Horse,Jinetes,2,60,25,200,20,24,0,2,20,1100,1,0,Spanish_LH,100,0,0,0,1,0,-1,1,0,200,120,200,0,100,100,0,0,0,0,0,0,0,0,0,100,0,0,0,0,0,0,0,0,100,0,0,0,100,,,-1,0,1,-100,21,800,,,,,0,0,0,0,,,,,,,,,,,,,,,,,,,,,,,,
Celtiberians,446,Allies,2,Undrilled_Heavy_Foot,Pikes,12,60,25,200,20,55,0,1,10,600,1,0,Celtiberians,100,0,0,0,1,0,-1,1,0,200,720,900,50,100,100,0,0,0,0,0,0,0,0,0,0,0,0,0,100,0,0,0,0,0,100,0,0,100,,,-1,2500,3,-100,4.5,275,,,,,0,0,0,0,,,,,,,,,,,,,,,,,,,,,,,,
Caetrati,447,Allies,2,Light_Foot,ArchersTurkish,4,60,25,200,20,24,0,1,12,600,1,0,Caetrati,100,0,0,0,0,0,-1,1,0,200,240,300,0,100,100,0,0,0,0,0,0,0,0,0,100,0,0,0,0,0,0,0,0,100,0,0,0,100,,,-1,2500,3,-100,4.5,275,,,,,0,0,0,0,,,,,,,,,,,,,,,,,,,,,,,,
Heavy_Caetrati,448,Allies,2,Medium_Foot,Pikes,8,60,25,200,20,42,0,1,10,600,1,0,Heavy_Caetrati,100,0,0,0,1,0,-1,1,0,200,480,600,50,100,100,0,0,0,0,0,0,0,0,0,0,0,0,0,100,0,0,0,0,0,100,0,0,100,,,-1,2500,3,-100,4.5,275,,,,,0,0,0,0,,,,,,,,,,,,,,,,,,,,,,,,
Greek_LH_Javelin,449,Allies,2,Light_Horse,Jinetes,2,60,25,200,20,24,0,2,20,1100,1,0,Grk_LH_Javelin,100,0,0,0,1,0,-1,1,0,200,120,200,0,100,100,0,0,0,0,0,0,0,0,0,100,0,0,0,0,0,0,0,0,100,0,0,0,100,,,-1,0,1,-100,21,800,,,,,0,0,0,0,,,,,,,,,,,,,,,,,,,,,,,,
E_Greek_LH_Jav,450,Allies,2,Light_Horse,Jinetes,2,60,25,200,20,24,0,2,20,1100,1,0,E_Greek_LH_Jav,100,0,0,0,1,0,-1,1,0,200,120,200,0,100,100,0,0,0,0,0,0,0,0,0,100,0,0,0,0,0,0,0,0,100,0,0,0,100,,,-1,0,1,-100,21,800,,,,,0,0,0,0,,,,,,,,,,,,,,,,,,,,,,,,
Eastern_LH_Javelin,451,Allies,2,Light_Horse,Jinetes,2,60,25,200,20,24,0,2,20,1100,1,0,Eastern_LH_Jav,100,0,0,0,1,0,-1,1,0,200,120,200,0,100,100,0,0,0,0,0,0,0,0,0,100,0,0,0,0,0,0,0,0,100,0,0,0,100,,,-1,0,1,-100,21,800,,,,,0,0,0,0,,,,,,,,,,,,,,,,,,,,,,,,
Roman_LH_Jav,452,Allies,2,Light_Horse,Jinetes,2,60,25,200,20,24,0,2,20,1100,1,0,Roman_LH_Jav,100,0,0,0,1,0,-1,1,0,200,120,200,0,100,100,0,0,0,0,0,0,0,0,0,100,0,0,0,0,0,0,0,0,100,0,0,0,100,,,-1,0,1,-100,21,800,,,,,0,0,0,0,,,,,,,,,,,,,,,,,,,,,,,,
Thr_LH_Jav,453,Allies,2,Light_Horse,Jinetes,2,60,25,200,20,24,0,2,20,1100,1,0,Thr_LH_Jav,100,0,0,0,1,0,-1,1,0,200,120,200,0,100,100,0,0,0,0,0,0,0,0,0,100,0,0,0,0,0,0,0,0,100,0,0,0,100,,,-1,0,1,-100,21,800,,,,,0,0,0,0,,,,,,,,,,,,,,,,,,,,,,,,
Thr_LH_Jav_E,454,Allies,2,Light_Horse,Jinetes,2,60,25,200,20,24,0,2,20,1100,1,0,Thr_LH_Jav_E,100,0,0,0,1,0,-1,1,0,200,120,200,0,100,100,0,0,0,0,0,0,0,0,0,100,0,0,0,0,0,0,0,0,100,0,0,0,100,,,-1,0,1,-100,21,800,,,,,0,0,0,0,,,,,,,,,,,,,,,,,,,,,,,,
Lydian_LH_Jav,455,Allies,2,Light_Horse,Jinetes,2,60,25,200,20,24,0,2,20,1100,1,0,Lydian_LH_Jav,100,0,0,0,1,0,-1,1,0,200,120,200,0,100,100,0,0,0,0,0,0,0,0,0,100,0,0,0,0,0,0,0,0,100,0,0,0,100,,,-1,0,1,-100,21,800,,,,,0,0,0,0,,,,,,,,,,,,,,,,,,,,,,,,
Lydian_L_Chariots,456,Allies,2,Light_Chariots,Jinetes,1,60,25,200,20,36,0,2,16,900,1,0,Lydian_L_Char,100,0,0,0,1,0,-1,1,0,200,100,400,0,200,200,0,0,0,0,0,0,0,0,0,0,0,0,0,0,0,0,0,0,100,0,0,0,100,,,-1,2500,0,50,15,350,,,,,0,0,0,0,,,,,,,,,,,,,,,,,,,,,,,,
Phrygian_Hillmen,457,Allies,2,Medium_Foot,Pikes,8,60,25,200,20,30,0,1,10,600,1,0,Phrygian_Hillmen,100,0,0,0,1,0,-1,1,0,200,480,600,25,100,100,0,0,0,0,0,0,0,0,0,0,0,0,0,0,0,0,0,0,100,50,0,0,100,,,-1,2500,3,-100,4.5,275,,,,,0,0,0,0,,,,,,,,,,,,,,,,,,,,,,,,
Phrygian_Lt_Jav,458,Allies,2,Light_Foot,ArchersTurkish,4,60,25,200,20,24,0,1,12,600,1,0,Phrygian_Lt_Jav,100,0,0,0,0,0,-1,1,0,200,240,300,0,100,100,0,0,0,0,0,0,0,0,0,100,0,0,0,0,0,0,0,0,100,0,0,0,100,,,-1,2500,3,-100,4.5,275,,,,,0,0,0,0,,,,,,,,,,,,,,,,,,,,,,,,
Greek_Pike,459,Allies,2,Heavy_Foot,Pikes,16,60,25,200,20,72,0,1,10,600,1,0,Greek_Pike,100,0,0,0,1,0,-1,1,0,200,960,1200,50,100,100,0,0,0,0,0,0,0,0,0,0,0,0,0,0,100,0,0,0,0,0,0,0,100,,,-1,0,3,-100,18.2,620,,Greek_Pike_Vet,,,0,0,0,0,,,,,,,,,,,,,,,,,,,,,,,,
Macedon_Pike,460,Allies,2,Heavy_Foot,Pikes,16,60,25,200,20,72,0,1,10,600,1,0,Bactrian_Pike,100,0,0,0,1,0,-1,1,0,200,960,1200,50,100,100,0,0,0,0,0,0,0,0,0,0,0,0,0,0,100,0,0,0,0,0,0,0,100,,,-1,0,3,-100,18.2,620,,Macedon_Pike_Vet,,,0,0,0,0,,,,,,,,,,,,,,,,,,,,,,,,
Macedon_Pike_Vet,461,Allies,2,Heavy_Foot,Pikes,16,60,25,200,20,96,0,1,10,600,1,0,Macedon_Pike_Vet,100,0,0,0,1,0,-1,1,0,200,960,1200,50,200,200,0,0,0,0,0,0,0,0,0,0,0,0,0,0,100,0,0,0,0,0,0,0,100,,,-1,0,3,-100,18,620,,,,,0,0,0,0,,,,,,,,,,,,,,,,,,,,,,,,
Greek_Pike_Vet,462,Allies,2,Heavy_Foot,Pikes,16,60,25,200,20,96,0,1,10,600,1,0,Macedon_Agema,100,0,0,0,1,0,-1,1,0,200,960,1200,50,200,200,0,0,0,0,0,0,0,0,0,0,0,0,0,0,100,0,0,0,0,0,0,0,100,,,-1,0,3,-100,18,620,,,,,0,0,0,0,,,,,,,,,,,,,,,,,,,,,,,,
Machimoi_Pike,463,Allies,2,Heavy_Foot,Pikes,16,60,25,200,20,48,0,1,10,600,1,0,Macedon_Leuk,100,0,0,0,1,0,-1,1,0,200,960,1200,50,50,50,0,0,0,0,0,0,0,0,0,0,0,0,0,0,100,0,0,0,0,0,0,0,100,,,-1,0,3,-100,17.8,620,,,,,0,0,0,0,,,,,,,,,,,,,,,,,,,,,,,,
Antig_Pike_Vet,464,Allies,2,Heavy_Foot,Pikes,16,60,25,200,20,96,0,1,10,600,1,0,Foot_Comp,100,0,0,0,1,0,-1,1,0,200,960,1200,50,200,200,0,0,0,0,0,0,0,0,0,0,0,0,0,0,100,0,0,0,0,0,0,0,100,,,-1,0,3,-100,18.2,620,,,,,0,0,0,0,,,,,,,,,,,,,,,,,,,,,,,,
Antigonus_Pike,465,Allies,2,Heavy_Foot,Pikes,16,60,25,200,20,72,0,1,10,600,1,0,Antig_Pike,100,0,0,0,1,0,-1,1,0,200,960,1200,50,100,100,0,0,0,0,0,0,0,0,0,0,0,0,0,0,100,0,0,0,0,0,0,0,100,,,-1,0,3,-100,18.2,620,,Foot_Companions,,,0,0,0,0,,,,,,,,,,,,,,,,,,,,,,,,
Ptol_Pike_Vet,466,Allies,2,Heavy_Foot,Pikes,16,60,25,200,20,96,0,1,10,600,1,0,Eum_Pike,100,0,0,0,1,0,-1,1,0,200,960,1200,50,200,200,0,0,0,0,0,0,0,0,0,0,0,0,0,0,100,0,0,0,0,0,0,0,100,,,-1,0,3,-100,18.2,620,,,,,0,0,0,0,,,,,,,,,,,,,,,,,,,,,,,,
Lys_Pike_Vet,467,Allies,2,Heavy_Foot,Pikes,16,60,25,200,20,96,0,1,10,600,1,0,Eum_Pike_Vet,100,0,0,0,1,0,-1,1,0,200,960,1200,50,200,200,0,0,0,0,0,0,0,0,0,0,0,0,0,0,100,0,0,0,0,0,0,0,100,,,-1,0,3,-100,18,620,, ,,,0,0,0,0,,,,,,,,,,,,,,,,,,,,,,,,
Lysimachid_Pike,468,Allies,2,Heavy_Foot,Pikes,16,60,25,200,20,72,0,1,10,600,1,0,Ly_Pike,100,0,0,0,1,0,-1,1,0,200,960,1200,50,100,100,0,0,0,0,0,0,0,0,0,0,0,0,0,0,100,0,0,0,0,0,0,0,100,,,-1,0,3,-100,18.2,620,,Lys_Pike_Vet,,,0,0,0,0,,,,,,,,,,,,,,,,,,,,,,,,
Ptolemaic_Pike,469,Allies,2,Heavy_Foot,Pikes,16,60,25,200,20,72,0,1,10,600,1,0,Ptolemaic_Pike,100,0,0,0,1,0,-1,1,0,200,960,1200,50,100,100,0,0,0,0,0,0,0,0,0,0,0,0,0,0,100,0,0,0,0,0,0,0,100,,,-1,0,3,-100,18.2,620,,Ptol_Pike_Vet,,,0,0,0,0,,,,,,,,,,,,,,,,,,,,,,,,
Spartan_Pike,470,Allies,2,Heavy_Foot,Pikes,16,60,25,200,20,78,0,1,10,600,1,0,Spartan_Pike,100,0,0,0,1,0,-1,1,0,200,960,1200,50,125,125,0,0,0,0,0,0,0,0,0,0,0,0,0,0,100,0,0,0,0,0,0,0,100,,,-1,0,3,-100,18.2,620,,,,,0,0,0,0,,,,,,,,,,,,,,,,,,,,,,,,
Indo_Pike,471,Allies,2,Heavy_Foot,Pikes,16,60,25,200,20,72,0,1,10,600,1,0,Indo_Pike,100,0,0,0,1,0,-1,1,0,200,960,1200,50,100,100,0,0,0,0,0,0,0,0,0,0,0,0,0,0,100,0,0,0,0,0,0,0,100,,,-1,0,3,-100,18.2,620,, ,,,0,0,0,0,,,,,,,,,,,,,,,,,,,,,,,,
Pyrrhic_Pike,472,Allies,2,Heavy_Foot,Pikes,16,60,25,200,20,72,0,1,10,600,1,0,Pyrrhic_Pike,100,0,0,0,1,0,-1,1,0,200,960,1200,50,100,100,0,0,0,0,0,0,0,0,0,0,0,0,0,0,100,0,0,0,0,0,0,0,100,,,-1,0,3,-100,18.2,620,, ,,,0,0,0,0,,,,,,,,,,,,,,,,,,,,,,,,
Euzonoi,486,Allies,2,Light_Foot,ArchersTurkish,4,60,25,200,20,33,0,1,12,600,1,0,Euzonoi,100,0,0,0,0,0,-1,1,0,200,240,300,50,100,100,0,0,0,0,0,0,0,0,0,100,0,0,0,0,0,0,0,0,100,50,0,0,100,,,-1,0,3,-100,18,620,,,,,0,0,0,0,,,,,,,,,,,,,,,,,,,,,,,,
Ger_Med_Warband,487,Allies,2,Warriors,Pikes,12,60,25,200,20,55,0,1,10,600,1,0,Ger_M_Warband,100,0,0,0,1,0,-1,1,0,200,720,900,50,100,100,0,0,0,0,0,0,0,0,0,0,0,0,0,100,0,0,0,0,0,100,0,0,100,,,-1,2500,3,-100,4.5,275,,,,,0,0,0,0,,,,,,,,,,,,,,,,,,,,,,,,
German_Warband,488,Allies,2,Undrilled_Heavy_Foot,Pikes,12,60,25,200,20,55,0,1,10,600,1,0,Ger_Warband,100,0,0,0,1,0,-1,1,0,200,720,900,50,100,100,0,0,0,0,0,0,0,0,0,0,0,0,0,100,0,0,0,0,0,100,0,0,100,,,-1,2500,3,-100,4.5,275,,Sup_Ger_Warb,,,0,0,0,0,,,,,,,,,,,,,,,,,,,,,,,,
Sup_Ger_Warb,489,Allies,2,Undrilled_Heavy_Foot,Pikes,12,60,25,200,20,75,0,1,10,600,1,0,Sup_Ger_Warb,100,0,0,0,1,0,-1,1,0,200,720,900,50,200,200,0,0,0,0,0,0,0,0,0,0,0,0,0,100,0,0,0,0,0,100,0,0,100,,,-1,2500,3,-100,4.5,275,,,,,0,0,0,0,,,,,,,,,,,,,,,,,,,,,,,,
Visigoths,490,Allies,2,Undrilled_Heavy_Foot,Pikes,12,60,25,200,20,55,0,1,10,600,1,0,Visigoths,100,0,0,0,1,0,-1,1,0,200,720,900,50,100,100,0,0,0,0,0,0,0,0,0,0,0,0,0,100,0,0,0,0,0,100,0,0,100,,,-1,2500,3,-100,4.5,275,,,,,0,0,0,0,,,,,,,,,,,,,,,,,,,,,,,,
Dacian_Warband,491,Allies,2,Warriors,Pikes,12,60,25,200,20,55,0,1,10,600,1,0,Dacian_Warband,100,0,0,0,1,0,-1,1,0,200,720,900,50,100,100,0,0,0,0,0,0,0,0,0,0,0,0,0,100,0,0,0,0,0,100,0,0,100,,,-1,2500,3,-100,4.5,275,,,,,0,0,0,0,,,,,,,,,,,,,,,,,,,,,,,,
Dac_Sup_Warb,492,Allies,2,Warriors,Pikes,12,60,25,200,20,75,0,1,10,600,1,0,Dac_Sup_Warb,100,0,0,0,1,0,-1,1,0,200,720,900,50,200,200,0,0,0,0,0,0,0,0,0,0,0,0,0,100,0,0,0,0,0,100,0,0,100,,,-1,2500,3,-100,4.5,275,,,,,0,0,0,0,,,,,,,,,,,,,,,,,,,,,,,,
Alan_Lancers_Arm,501,Allies,2,Cavalry,NonLightLancers,4,60,25,200,20,64,0,2,16,900,1,0,Alan_Lancers_Arm,100,0,0,0,1,0,-1,1,0,200,240,400,100,200,200,0,0,0,0,0,0,0,0,0,0,0,0,100,0,0,0,0,0,0,100,0,0,100,,,-1,0,1,-100,21,800,,,,,0,0,0,0,,,,,,,,,,,,,,,,,,,,,,,,
Alan_Lance_Prot,502,Allies,2,Cavalry,NonLightLancers,4,60,25,200,20,48,0,2,16,900,1,0,Alan_Lance_Prot,100,0,0,0,1,0,-1,1,0,200,240,400,50,200,200,0,0,0,0,0,0,0,0,0,0,0,0,100,0,0,0,0,0,0,100,0,0,100,,,-1,0,1,-100,21,800,,,,,0,0,0,0,,,,,,,,,,,,,,,,,,,,,,,,
Skythian_Foot,503,Allies,2,Medium_Foot,Pikes,8,60,25,200,20,30,0,1,10,600,1,0,Skythian_Foot,100,0,0,0,1,0,-1,1,0,200,480,600,25,100,100,0,0,0,0,0,0,0,0,0,0,0,0,0,0,0,0,0,0,100,50,0,0,100,,,-1,2500,3,-100,4.5,275,,,,,0,0,0,0,,,,,,,,,,,,,,,,,,,,,,,,
Mannean_Foot,504,Allies,2,Medium_Foot,Pikes,8,60,25,200,20,30,0,1,10,600,1,0,Mannean_Foot,100,0,0,0,1,0,-1,1,0,200,480,600,25,100,100,0,0,0,0,0,0,0,0,0,0,0,0,0,0,0,0,0,0,100,50,0,0,100,,,-1,2500,3,-100,4.5,275,,,,,0,0,0,0,,,,,,,,,,,,,,,,,,,,,,,,
Eastern_Hillmen,505,Allies,2,Medium_Foot,Pikes,8,60,25,200,20,30,0,1,10,600,1,0,Eastern_Hillmen,100,0,0,0,1,0,-1,1,0,200,480,600,25,100,100,0,0,0,0,0,0,0,0,0,0,0,0,0,0,0,0,0,0,100,50,0,0,100,,,-1,2500,3,-100,4.5,275,,,,,0,0,0,0,,,,,,,,,,,,,,,,,,,,,,,,
Kush_Hillmen,506,Allies,2,Medium_Foot,Pikes,8,60,25,200,20,30,0,1,10,600,1,0,Kush_Hillmen,100,0,0,0,1,0,-1,1,0,200,480,600,25,100,100,0,0,0,0,0,0,0,0,0,0,0,0,0,0,0,0,0,0,100,50,0,0,100,,,-1,2500,3,-100,4.5,275,,,,,0,0,0,0,,,,,,,,,,,,,,,,,,,,,,,,
Early_Cataphracts,507,Allies,2,Cataphracts,Gendarmes,4,60,25,200,20,68,0,2,12,900,1,0,Cataphract_E,100,0,0,0,1,0,-1,1,0,200,240,400,300,200,200,0,0,0,0,0,0,0,0,0,0,0,0,100,0,0,0,0,0,0,100,0,0,100,,,-1,0,1,-100,21,800,,,,,0,0,0,0,,,,,,,,,,,,,,,,,,,,,,,,
Roman_LH_Bow,508,Allies,2,Light_Horse,HorseArchers,2,60,25,200,20,28,0,2,20,1100,1,0,Roman_LH_Bow,100,0,0,0,1,0,-1,1,0,200,120,200,0,100,100,0,0,0,0,0,100,0,0,0,0,0,0,0,0,0,0,0,0,0,0,0,0,100,,,-1,0,1,-100,21,800,,,,,0,0,0,0,,,,,,,,,,,,,,,,,,,,,,,,
Rom_Clib,509,Allies,2,Cataphracts,Gendarmes,4,60,25,200,20,68,0,2,12,900,1,0,Rom_Clib,100,0,0,0,1,0,-1,1,0,200,240,400,300,200,200,0,0,0,0,0,0,0,0,0,0,0,0,100,0,0,0,0,0,0,100,0,0,100,,,-1,0,1,-100,21,800,,,,,0,0,0,0,,,,,,,,,,,,,,,,,,,,,,,,
L_Rom_vet_cav,510,Allies,2,Cavalry,Jinetes,4,60,25,200,20,60,0,2,16,900,1,0,Late_Rom_cav,100,0,0,0,1,0,-1,1,0,200,240,400,100,200,200,0,0,0,0,0,0,0,0,0,0,0,0,0,0,0,0,0,0,100,100,0,0,100,,,-1,0,1,-100,21,800,,,,,0,0,0,0,,,,,,,,,,,,,,,,,,,,,,,,
Late_Rom_cav,511,Allies,2,Cavalry,Jinetes,4,60,25,200,20,40,0,2,16,900,1,0,L_Rom_vet_cav,100,0,0,0,1,0,-1,1,0,200,240,400,100,100,100,0,0,0,0,0,0,0,0,0,0,0,0,0,0,0,0,0,0,100,100,0,0,100,,,-1,0,1,-100,21,800,,L_Rom_vet_cav,,,0,0,0,0,,,,,,,,,,,,,,,,,,,,,,,,
Ligurians,512,Allies,2,Medium_Foot,Pikes,8,60,25,200,20,30,0,1,10,600,1,0,Ligurians,100,0,0,0,1,0,-1,1,0,200,480,600,25,100,100,0,0,0,0,0,0,0,0,0,0,0,0,0,0,0,0,0,0,100,50,0,0,100,,,-1,2500,3,-100,4.5,275,,,,,0,0,0,0,,,,,,,,,,,,,,,,,,,,,,,,
Egyp_Close_Foot,386,Allies,2,Medium_Foot,Pikes,8,60,25,200,20,36,0,1,10,600,1,0,Egyp_Close_Foot,100,0,0,0,1,0,-1,1,0,200,480,600,50,100,100,0,0,0,0,0,0,0,0,0,0,0,0,0,0,0,0,0,0,100,100,0,0,100,,,-1,2500,3,-100,4.5,275,,Egyp_Guard_Foot,,,0,0,0,0,,,,,,,,,,,,,,,,,,,,,,,,
Egyp_Guard_Foot,387,Allies,2,Medium_Foot,Pikes,8,60,25,200,20,57,0,1,10,600,1,0,Egyp_Guard_Foot,100,0,0,0,1,0,-1,1,0,200,480,600,75,200,200,0,0,0,0,0,0,0,0,0,0,0,0,0,0,0,0,0,0,100,100,0,0,100,,,-1,2500,3,-100,4.5,275,, ,,,0,0,0,0,,,,,,,,,,,,,,,,,,,,,,,,
Sherden,388,Allies,2,Warriors,Pikes,12,60,25,200,20,55,0,1,10,600,1,0,Sherden,100,0,0,0,1,0,-1,1,0,200,720,900,50,100,100,0,0,0,0,0,0,0,0,0,0,0,0,0,100,0,0,0,0,0,100,0,0,100,,,-1,2500,3,-100,4.5,275,,,,,0,0,0,0,,,,,,,,,,,,,,,,,,,,,,,,
Sherden_Sup,389,,,Warriors,Pikes,8,60,25,200,20,63,0,1,10,600,1,0,Sherden_Sup,100,0,0,0,1,0,-1,1,0,200,480,600,75,200,200,0,0,0,0,0,0,0,0,0,0,0,0,0,100,0,0,0,0,0,100,0,0,100,,,-1,2500,3,-100,4.5,275,,,,,0,0,0,0,,,,,,,,,,,,,,,,,,,,,,,,
Libyan_Foot,390,Allies,2,Medium_Foot,Pikes,8,60,25,200,20,30,0,1,10,600,1,0,Libyan_Foot,100,0,0,0,1,0,-1,1,0,200,480,600,25,100,100,0,0,0,0,0,0,0,0,0,0,0,0,0,0,0,0,0,0,100,50,0,0,100,,,-1,2500,3,-100,4.5,275,,,,,0,0,0,0,,,,,,,,,,,,,,,,,,,,,,,,
Libyan_Warband,391,Allies,2,Warriors,Pikes,12,60,25,200,20,51,0,1,10,600,1,0,Libyan_Warband,100,0,0,0,1,0,-1,0,0,200,720,900,25,100,100,0,0,0,0,0,0,0,0,0,0,0,0,0,100,0,0,0,0,0,100,0,0,100,,,-1,2500,3,-100,4.5,275,,,,,0,0,0,0,,,,,,,,,,,,,,,,,,,,,,,,
Libyan_LF_Jav,392,Allies,2,Light_Foot,ArchersTurkish,4,60,25,200,20,24,0,1,12,600,1,0,Libyan_LF_Jav,100,0,0,0,0,0,-1,1,0,200,240,300,0,100,100,0,0,0,0,0,0,0,0,0,100,0,0,0,0,0,0,0,0,100,0,0,0,100,,,-1,2500,3,-100,4.5,275,,,,,0,0,0,0,,,,,,,,,,,,,,,,,,,,,,,,
Hittite_Spear,393,Allies,2,Medium_Foot,Pikes,8,60,25,200,20,36,0,1,10,600,1,0,Hittite_Spear,100,0,0,0,1,0,-1,1,0,200,480,600,50,100,100,0,0,0,0,0,0,0,0,0,0,0,0,0,0,0,0,0,0,100,100,0,0,100,,,-1,2500,3,-100,4.5,275,,,,,0,0,0,0,,,,,,,,,,,,,,,,,,,,,,,,
Syrian_Spear,394,Allies,2,Medium_Foot,Pikes,12,60,25,200,20,40,0,1,10,600,1,0,Syrian_Spear,100,0,0,0,1,0,-1,1,0,200,720,900,0,100,100,0,0,0,0,0,0,0,0,0,0,0,0,0,0,0,0,0,100,0,0,0,0,100,,,-1,2500,3,-100,4.5,275,,,,,0,0,0,0,,,,,,,,,,,,,,,,,,,,,,,,
Minoan_Spear,395,Allies,2,Undrilled_Heavy_Foot,Pikes,8,60,25,200,20,36,0,1,10,600,1,0,Minoan_Spear,100,0,0,0,1,0,-1,1,0,200,480,600,50,100,100,0,0,0,0,0,0,0,0,0,0,0,0,0,0,0,0,0,100,0,0,0,0,100,,,-1,2500,3,-100,4.5,275,,,,,0,0,0,0,,,,,,,,,,,,,,,,,,,,,,,,
Mycen_Spear,396,Allies,2,Medium_Foot,Pikes,8,60,25,200,20,38,0,1,10,600,1,0,Mycen_Spear,100,0,0,0,1,0,-1,1,0,200,480,600,67,100,100,0,0,0,0,0,0,0,0,0,0,0,0,0,0,0,0,0,0,100,100,0,0,100,,,-1,2600,3,-100,4.5,275,,Myrmidons,,,0,0,0,0,,,,,,,,,,,,,,,,,,,,,,,,
Myrmidons,397,Allies,2,Medium_Foot,Pikes,8,60,25,200,20,66,0,1,10,600,1,0,Myrmidons,100,0,0,0,1,0,-1,1,0,200,480,600,100,200,200,0,0,0,0,0,0,0,0,0,0,0,0,0,0,0,0,0,0,100,100,0,0,100,,,-1,2500,3,-100,4.5,275,, ,,,0,0,0,0,,,,,,,,,,,,,,,,,,,,,,,,
Sumer_Spear,398,Allies,2,Undrilled_Heavy_Foot,Pikes,8,60,25,200,20,36,0,1,10,600,1,0,Sumer_Spear,100,0,0,0,1,0,-1,1,0,200,480,600,50,100,100,0,0,0,0,0,0,0,0,0,0,0,0,0,0,0,0,0,85,0,0,0,0,100,,,-1,2500,3,-100,4.5,275,,,,,1,0,0,0,,,,,,,,,,,,,,,,,,,,,,,,
Sumer_Spear_Raw,399,Allies,2,Undrilled_Heavy_Foot,Pikes,8,60,25,200,20,24,0,1,10,600,1,0,Sumer_Spear_Raw,100,0,0,0,1,0,-1,1,0,200,480,600,50,50,50,0,0,0,0,0,0,0,0,0,0,0,0,0,0,0,0,0,85,0,0,0,0,100,,,-1,2500,3,-100,4.5,275,,Sumer_Spear,,,1,0,0,0,,,,,,,,,,,,,,,,,,,,,,,,
Akkad_Spear,400,Allies,2,Medium_Foot,Pikes,8,60,25,200,20,36,0,1,10,600,1,0,Akkad_Spear,100,0,0,0,1,0,-1,1,0,200,480,600,0,100,100,0,0,0,0,0,0,0,0,0,0,0,0,0,0,0,0,100,0,0,0,0,0,100,,,-1,2500,3,-100,4.5,275,,Akkad_Spear_Sup,,,0,0,0,0,,,,,,,,,,,,,,,,,,,,,,,,
Akkad_Spear_Sup,401,Allies,2,Medium_Foot,Pikes,8,60,25,200,20,48,0,1,10,600,1,0,Akkad_Spear_Sup,100,0,0,0,1,0,-1,1,0,200,480,600,0,200,200,0,0,0,0,0,0,0,0,0,0,0,0,0,0,0,0,100,0,0,0,0,0,100,,,-1,2500,3,-100,4.5,275,,,,,0,0,0,0,,,,,,,,,,,,,,,,,,,,,,,,
Mitan_L_Char,402,Allies,2,Light_Chariots,Jinetes,1,60,25,200,20,44,0,2,16,900,1,0,Mitan_L_Char,100,0,0,0,1,0,-1,1,0,200,100,400,0,200,200,0,0,0,0,0,100,0,0,0,0,0,0,0,0,0,0,0,0,0,0,0,0,100,,,-1,2500,0,85,14,400,,,,,0,0,0,0,,,,,,,,,,,,,,,,,,,,,,,,
Ugarit_H_Char,403,Allies,2,Heavy_Chariots,Jinetes,1,60,25,200,20,60,0,2,12,900,1,0,Ugarit_H_Char,100,0,0,0,1,0,-1,1,0,200,150,400,0,200,200,0,0,0,0,0,100,0,0,0,0,0,0,0,0,0,0,0,0,0,0,0,0,100,,,-1,2500,0,85,14,400,,,,,0,0,0,0,,,,,,,,,,,,,,,,,,,,,,,,
Egyp_L_Char,404,Allies,2,Light_Chariots,Jinetes,1,60,25,200,20,44,0,2,16,900,1,0,Egyp_L_Char,100,0,0,0,1,0,-1,1,0,200,100,400,0,200,200,0,0,0,0,0,100,0,0,0,0,0,0,0,0,0,0,0,0,0,0,0,0,100,,,-1,2500,0,50,12,400,,,,,0,0,0,0,,,,,,,,,,,,,,,,,,,,,,,,
Hittite_L_Char,405,Allies,2,Light_Chariots,Jinetes,1,60,25,200,20,36,0,2,16,900,1,0,Hittite_L_Char,100,0,0,0,1,0,-1,1,0,200,100,400,0,200,200,0,0,0,0,0,0,0,0,0,0,0,0,0,0,0,0,0,0,100,0,0,0,100,,,-1,2500,0,50,12,400,,,,,0,0,0,0,,,,,,,,,,,,,,,,,,,,,,,,
Hittite_H_char,406,,,Heavy_Chariots,Jinetes,1,60,25,200,20,52,0,2,12,900,1,0,Hittite_H_char,100,0,0,0,1,0,-1,1,0,200,150,400,0,200,200,0,0,0,0,0,0,0,0,0,0,0,0,0,0,0,0,0,0,100,0,0,0,100,,,-1,2500,0,50,12,400,,,,,0,0,0,0,,,,,,,,,,,,,,,,,,,,,,,,
Mycen_H_char,407,,,Heavy_Chariots,Jinetes,1,60,25,200,20,52,0,2,12,900,1,0,Mycen_H_char,100,0,0,0,1,0,-1,1,0,200,150,400,0,200,200,0,0,0,0,0,0,0,0,0,0,0,0,0,0,0,0,0,0,100,0,0,0,100,,,-1,2500,0,50,12,400,,,,,0,0,0,0,,,,,,,,,,,,,,,,,,,,,,,,
Mycen_L_Char,408,Allies,2,Light_Chariots,Jinetes,1,60,25,200,20,36,0,2,16,900,1,0,Mycen_L_Char,100,0,0,0,1,0,-1,1,0,200,100,400,0,200,200,0,0,0,0,0,0,0,0,0,0,0,0,0,0,0,0,0,0,100,0,0,0,100,,,-1,2500,0,50,12,400,,,,,0,0,0,0,,,,,,,,,,,,,,,,,,,,,,,,
Sumer_Battle_Car,409,,,Heavy_Chariots,Jinetes,1,60,25,200,20,42,0,2,12,900,1,0,Sumer_Battle_Car,100,0,0,0,1,0,-1,1,0,200,150,400,0,150,150,0,0,0,0,0,0,0,0,0,0,0,0,0,0,0,0,0,0,100,0,0,0,100,,,-1,2500,0,50,10,300,,,,,0,0,0,0,,,,,,,,,,,,,,,,,,,,,,,,
ME_Close_Fighters,410,Allies,2,Medium_Foot,Pikes,8,60,25,200,20,36,0,1,10,600,1,0,ME_Close_Fighters,100,0,0,0,1,0,-1,1,0,200,480,600,50,100,100,0,0,0,0,0,0,0,0,0,0,0,0,0,0,0,0,0,0,100,100,0,0,100,,,-1,2500,3,-100,4.5,275,, ,,,0,0,0,0,,,,,,,,,,,,,,,,,,,,,,,,
Nubian_Lt_Arch,411,Allies,2,Light_Foot,ArchersTurkish,4,60,25,200,20,30,0,1,12,600,1,0,Nubian_Lt_Arch,100,0,0,0,0,0,-1,1,0,200,240,300,0,100,100,0,0,0,0,0,100,0,0,0,0,0,0,0,0,0,0,0,0,0,0,0,0,100,,,-1,2500,3,-100,4.5,275,,,,,0,0,0,0,,,,,,,,,,,,,,,,,,,,,,,,
Gasgan_Foot,412,Allies,2,Medium_Foot,Pikes,8,60,25,200,20,42,0,1,10,600,1,0,Gasgan_Foot,100,0,0,0,1,0,-1,1,0,200,480,600,50,100,100,0,0,0,0,0,0,0,0,0,0,0,0,0,100,0,0,0,0,0,100,0,0,100,,,-1,2600,3,-100,4.5,275,,,,,0,0,0,0,,,,,,,,,,,,,,,,,,,,,,,,
Nubian_Close_Foot,413,Allies,2,Medium_Foot,Pikes,8,60,25,200,20,36,0,1,10,600,1,0,Kush_Hillmen,100,0,0,0,1,0,-1,1,0,200,480,600,50,100,100,0,0,0,0,0,0,0,0,0,0,0,0,0,0,0,0,0,0,100,100,0,0,100,,,-1,2500,3,-100,4.5,275,,,,,0,0,0,0,,,,,,,,,,,,,,,,,,,,,,,,
Nubian_LF_Jav,414,Allies,2,Light_Foot,ArchersTurkish,4,60,25,200,20,24,0,1,12,600,1,0,Nubian_LF_Jav,100,0,0,0,0,0,-1,1,0,200,240,300,0,100,100,0,0,0,0,0,0,0,0,0,100,0,0,0,0,0,0,0,0,100,0,0,0,100,,,-1,2500,3,-100,4.5,275,,,,,0,0,0,0,,,,,,,,,,,,,,,,,,,,,,,,
Assyrian_Med_Cav,415,Allies,2,Cavalry,Jinetes,4,60,25,200,20,39,0,2,16,900,1,0,Assyrian_Cav,100,0,0,0,1,0,-1,1,0,200,240,400,50,100,100,0,0,0,0,0,50,0,0,0,0,0,0,0,0,0,0,0,0,50,100,0,0,100,,,-1,0,1,-100,21,800,, ,,,0,0,0,0,,,,,,,,,,,,,,,,,,,,,,,,
Neo_Hittite_Spear,416,Allies,2,Medium_Foot,Pikes,8,60,25,200,20,36,0,1,10,600,1,0,Neo_Hittite_Spear,100,0,0,0,1,0,-1,1,0,200,480,600,50,100,100,0,0,0,0,0,0,0,0,0,0,0,0,0,0,0,0,0,0,100,100,0,0,100,,,-1,2500,3,-100,4.5,275,, ,,,0,0,0,0,,,,,,,,,,,,,,,,,,,,,,,,
Early_Char_Spear,417,Allies,2,Light_Chariots,Jinetes,1,60,25,200,20,30,0,2,16,900,1,0,Early_Char_Spear,100,0,0,0,1,0,-1,1,0,200,100,400,0,150,150,0,0,0,0,0,0,0,0,0,0,0,0,0,0,0,0,0,0,100,0,0,0,100,,,-1,2500,0,50,12,400,,,,,0,0,0,0,,,,,,,,,,,,,,,,,,,,,,,,
Early_Levies,418,Allies,2,Mob,Pikes,12,60,25,200,20,15,0,1,10,600,1,0,Early_Levies,100,0,0,0,1,0,-1,1,0,200,1024,750,0,0,0,0,0,0,0,0,0,0,0,0,0,0,0,0,0,0,0,0,0,0,0,0,0,100,,,-1,0,3,-100,17,500,, ,,,0,0,0,0,,,,,,,,,,,,,,,,,,,,,,,,
Early_Char_Bow,419,Allies,2,Light_Chariots,Jinetes,1,60,25,200,20,38,0,2,16,900,1,0,Mitan_L_Char,100,0,0,0,1,0,-1,1,0,200,100,400,0,150,150,0,0,0,0,0,100,0,0,0,0,0,0,0,0,0,0,0,0,0,0,0,0,100,,,-1,2500,0,85,14,400,,,,,0,0,0,0,,,,,,,,,,,,,,,,,,,,,,,,
Zagros_Warriors,420,Allies,2,Medium_Foot,Pikes,8,60,25,200,20,39,0,1,10,600,1,0,Gasgan_Foot,100,0,0,0,1,0,-1,1,0,200,480,600,25,100,100,0,0,0,0,0,0,0,0,0,0,0,0,0,100,0,0,0,0,0,100,0,0,100,,,-1,2600,3,-100,4.5,275,,,,,0,0,0,0,,,,,,,,,,,,,,,,,,,,,,,,
Anat_Irr_Foot,585,,,Medium_Foot,Pikes,8,60,25,200,20,30,0,1,10,600,1,0,Anat_Irr_Foot,100,0,0,0,1,0,-1,1,0,200,480,600,25,100,100,0,0,0,0,0,0,0,0,0,0,0,0,0,0,0,0,0,0,100,50,0,0,100,,,-1,2600,3,-100,4.5,275,,,,,0,0,0,0,,,,,,,,,,,,,,,,,,,,,,,,
Early_Spear_Bow,586,Allies,2,Medium_Foot,Pikes,8,60,25,200,20,44,0,1,10,600,1,0,Early_Spear_Bow,100,0,0,0,1,0,-1,1,0,200,480,600,50,100,100,0,0,0,0,0,50,0,0,0,0,0,0,0,0,0,0,0,0,50,100,0,0,100,,,-1,2500,3,-100,4.5,275,, ,,,1,0,0,0,,,,,,,,,,,,,,,,,,,,,,,,
E_Spear_Bow_Raw,587,Allies,2,Medium_Foot,Pikes,8,60,25,200,20,32,0,1,10,600,1,0,E_Spear_Bow_Raw,100,0,0,0,1,0,-1,1,0,200,480,600,50,50,50,0,0,0,0,0,50,0,0,0,0,0,0,0,0,0,0,0,0,50,100,0,0,100,,,-1,2500,3,-100,4.5,275,,Early_Spear_Bow,,,1,0,0,0,,,,,,,,,,,,,,,,,,,,,,,,
Anat_LF_Jav,588,Allies,2,Light_Foot,ArchersTurkish,4,60,25,200,20,24,0,1,12,600,1,0,Anat_LF_Jav,100,0,0,0,0,0,-1,1,0,200,240,300,0,100,100,0,0,0,0,0,0,0,0,0,100,0,0,0,0,0,0,0,0,100,0,0,0,100,,,-1,2600,3,-100,4.5,275,,,,,0,0,0,0,,,,,,,,,,,,,,,,,,,,,,,,
Shardana_Guard,589,,,Medium_Foot,Pikes,8,60,25,200,20,66,0,1,10,600,1,0,Shardana_Guard,100,0,0,0,1,0,-1,1,0,200,480,600,75,200,200,0,0,0,0,0,0,0,0,0,0,0,0,0,100,0,0,0,0,0,100,0,0,100,,,-1,2500,3,-100,4.5,275,,,,,0,0,0,0,,,,,,,,,,,,,,,,,,,,,,,,
Peleset,590,,,Warriors,Pikes,12,60,25,200,20,55,0,1,10,600,1,0,Peleset,100,0,0,0,1,0,-1,1,0,200,720,900,50,100,100,0,0,0,0,0,0,0,0,0,0,0,0,0,100,0,0,0,0,0,100,0,0,100,,,-1,2500,3,-100,4.5,275,,,,,0,0,0,0,,,,,,,,,,,,,,,,,,,,,,,,
Philistine_Spear,591,,,Medium_Foot,Pikes,8,60,25,200,20,36,0,1,10,600,1,0,Philistine_Spear,100,0,0,0,1,0,-1,1,0,200,480,600,50,100,100,0,0,0,0,0,0,0,0,0,0,0,0,0,0,0,0,0,0,100,100,0,0,100,,,-1,2500,3,-100,4.5,275,, ,,,0,0,0,0,,,,,,,,,,,,,,,,,,,,,,,,
Philistine_Guard,592,,,Medium_Foot,Pikes,8,60,25,200,20,66,0,1,10,600,1,0,Philistine_Guard,100,0,0,0,1,0,-1,1,0,200,480,600,100,200,200,0,0,0,0,0,0,0,0,0,0,0,0,0,0,0,0,0,0,100,100,0,0,100,,,-1,2500,3,-100,4.5,275,, ,,,0,0,0,0,,,,,,,,,,,,,,,,,,,,,,,,
Peleset_Sup,593,,,Warriors,Pikes,8,60,25,200,20,63,0,1,10,600,1,0,Peleset_Sup,100,0,0,0,1,0,-1,1,0,200,480,600,75,200,200,0,0,0,0,0,0,0,0,0,0,0,0,0,100,0,0,0,0,0,100,0,0,100,,,-1,2500,3,-100,4.5,275,,,,,0,0,0,0,,,,,,,,,,,,,,,,,,,,,,,,
Sea_L_Char,594,Allies,2,Light_Chariots,Jinetes,1,60,25,200,20,36,0,2,16,900,1,0,Sea_L_Char,100,0,0,0,1,0,-1,1,0,200,100,400,0,200,200,0,0,0,0,0,0,0,0,0,0,0,0,0,0,0,0,0,0,100,0,0,0,100,,,-1,2500,0,50,12,400,,,,,0,0,0,0,,,,,,,,,,,,,,,,,,,,,,,,
Libyan_L_Char,595,Allies,2,Light_Chariots,Jinetes,1,60,25,200,20,36,0,2,16,900,1,0,Libyan_L_Char,100,0,0,0,1,0,-1,1,0,200,100,400,0,200,200,0,0,0,0,0,0,0,0,0,0,0,0,0,0,0,0,0,0,100,0,0,0,100,,,-1,2500,0,50,12,400,,,,,0,0,0,0,,,,,,,,,,,,,,,,,,,,,,,,
Nubian_Noble_Cav,599,Allies,2,Cavalry,NonLightLancers,4,60,25,200,20,64,0,2,16,900,1,0,Nubian_Noble_Cav,100,0,0,0,1,0,-1,1,0,200,240,400,100,200,200,0,0,0,0,0,0,0,0,0,0,0,0,100,0,0,0,0,0,0,100,0,0,100,,,-1,2500,1,-100,6.8,350,,,, ,0,0,0,0,,,,,,,,,,,,,,,,,,,,,,,,
Nubian_Cav_Prot,600,Allies,2,Cavalry,Jinetes,4,60,25,200,20,32,0,2,16,900,1,0,Nubian_Cav_Prot,100,0,0,0,1,0,-1,1,0,200,240,400,50,100,100,0,0,0,0,0,0,0,0,0,0,0,0,0,0,0,0,0,0,100,100,0,0,100,,,-1,2500,1,-100,6.8,350,,,,,0,0,0,0,,,,,,,,,,,,,,,,,,,,,,,,
Blemye_camelry,601,Allies,2,Camelry,HorseArchersTurkish,4,60,25,200,20,34,0,2,16,600,1,0,Blemye_camelry,100,0,0,0,1,0,-1,1,0,200,240,400,25,75,75,0,0,0,0,0,0,0,0,0,0,0,0,0,0,0,0,0,0,100,100,0,0,100,,,-1,0,1,-100,25,900,,,,,0,0,0,0,,,,,,,,,,,,,,,,,,,,,,,,
Nubian_archers,602,Allies,2,Bowmen,ArchersTurkish,8,60,25,200,20,42,0,1,10,600,1,0,Nubian_archers,100,0,0,0,0,0,-1,1,0,200,480,600,0,150,150,0,0,0,0,0,100,0,0,0,0,0,0,0,0,0,0,0,0,0,0,0,0,100,,,-1,2500,3,-100,4.5,275,,,,,0,0,0,0,,,,,,,,,,,,,,,,,,,,,,,,
Nub_Spear_Raw,603,Allies,2,Medium_Foot,Pikes,8,60,25,200,20,24,0,1,10,600,1,0,Nubian_Spear,100,0,0,0,1,0,-1,1,0,200,480,600,50,50,50,0,0,0,0,0,0,0,0,0,0,0,0,0,0,0,0,0,100,0,0,0,0,100,,,-1,0,3,-100,16,590,,,,,0,0,0,0,,,,,,,,,,,,,,,,,,,,,,,,
Blemye_archers,604,Allies,2,Light_Foot,ArchersTurkish,4,60,25,200,20,30,0,1,12,600,1,0,Beja_lt_archers,100,0,0,0,0,0,-1,1,0,200,240,300,0,100,100,0,0,0,0,0,100,0,0,0,0,0,0,0,0,0,0,0,0,0,0,0,0,100,,,-1,2500,3,-100,4.5,275,,,,,0,0,0,0,,,,,,,,,,,,,,,,,,,,,,,,
Nubian_LF_Jav_Raw,605,Allies,2,Light_Foot,ArchersTurkish,4,60,25,200,20,18,0,1,12,600,1,0,Nubian_LF_Jav_R,100,0,0,0,0,0,-1,1,0,200,240,300,0,50,50,0,0,0,0,0,0,0,0,0,100,0,0,0,0,0,0,0,0,100,0,0,0,100,,,-1,2500,3,-100,4.5,275,,,,,0,0,0,0,,,,,,,,,,,,,,,,,,,,,,,,
Blem_LH_Javelins,606,Allies,2,Light_Horse,Jinetes,2,60,25,200,20,24,0,2,20,1100,1,0,Blem_LH_Javelins,100,0,0,0,1,0,-1,1,0,200,120,200,0,100,100,0,0,0,0,0,0,0,0,0,100,0,0,0,0,0,0,0,0,100,0,0,0,100,,,-1,0,1,-100,21,800,,,,,0,0,0,0,,,,,,,,,,,,,,,,,,,,,,,,
Blemye_cavalry,607,Allies,2,Cavalry,Jinetes,4,60,25,200,20,30,0,2,16,900,1,0,Blemye_cavalry,100,0,0,0,1,0,-1,1,0,200,240,400,25,100,100,0,0,0,0,0,0,0,0,0,0,0,0,0,0,0,0,0,0,100,100,0,0,100,,,-1,0,1,-100,21,800,,Blem_Arm_cavalry,,,0,0,0,0,,,,,,,,,,,,,,,,,,,,,,,,
Blem_Arm_cavalry,608,Allies,2,Cavalry,Jinetes,4,60,25,200,20,52,0,2,16,900,1,0,Blem_Arm_cavalry,100,0,0,0,1,0,-1,1,0,200,240,400,75,200,200,0,0,0,0,0,0,0,0,0,0,0,0,0,0,0,0,0,0,100,100,0,0,100,,,-1,0,1,-100,21,800,,,,,0,0,0,0,,,,,,,,,,,,,,,,,,,,,,,,
Blemye_hillmen,609,Allies,2,Warriors,Pikes,12,60,25,200,20,40,0,1,10,600,1,0,Beja_Hillmen,100,0,0,0,1,0,-1,1,0,200,720,900,25,100,100,0,0,0,0,0,0,0,0,0,0,0,0,0,0,0,0,0,0,100,50,0,0,100,,,-1,2500,3,-100,4.5,275,,,,,0,0,0,0,,,,,,,,,,,,,,,,,,,,,,,,
Blem_Med_Archers,610,Allies,2,Bowmen,ArchersTurkish,8,60,25,200,20,36,0,1,10,600,1,0,Beja_archers,100,0,0,0,0,0,-1,1,0,200,480,600,0,100,100,0,0,0,0,0,100,0,0,0,0,0,0,0,0,0,0,0,0,0,0,0,0,100,,,-1,2500,3,-100,4.5,275,,,,,0,0,0,0,,,,,,,,,,,,,,,,,,,,,,,,
Beja_Cavalry,611,Allies,2,Cavalry,NonLightLancers,4,60,25,200,20,36,0,2,16,900,1,0,Beja_Cav,100,0,0,0,1,0,-1,1,0,200,240,400,50,100,100,0,0,0,0,0,0,0,0,0,0,0,0,100,0,0,0,0,0,0,100,0,0,100,,,-1,0,1,-100,21,800,,,,,0,0,0,0,,,,,,,,,,,,,,,,,,,,,,,,
Beja_LH,612,Allies,2,Light_Horse,NonLightLancers,2,60,25,200,20,32,0,2,20,1100,1,0,Beja_LH,100,0,0,0,1,0,-1,1,0,200,120,200,0,100,100,0,0,0,0,0,0,0,0,0,0,0,0,100,0,0,0,0,0,0,100,0,0,100,,,-1,0,1,-100,21,800,,,,,0,0,0,0,,,,,,,,,,,,,,,,,,,,,,,,
Kush_Spearmen,613,Allies,2,Medium_Foot,Pikes,12,60,25,200,20,33,0,1,10,600,1,0,Kush_Spearmen,100,0,0,0,1,0,-1,1,0,200,720,900,50,50,50,0,0,0,0,0,0,0,0,0,0,0,0,0,0,0,0,0,100,0,0,0,0,100,,,-1,2500,3,-100,4.5,275,,,,,0,0,0,0,,,,,,,,,,,,,,,,,,,,,,,,
Blemye_HA,614,Allies,2,Cavalry,Jinetes,4,60,25,200,20,59,0,2,16,900,1,0,Blemye_HA,100,0,0,0,1,0,-1,1,0,200,240,400,75,200,200,0,0,0,0,0,50,0,0,0,0,0,0,0,0,0,0,0,0,100,100,0,0,100,,,-1,0,1,-100,21,800,,,,,0,0,0,0,,,,,,,,,,,,,,,,,,,,,,,,
Axumite_Gd,615,Allies,2,Medium_Foot,Pikes,8,60,25,200,20,60,0,1,10,600,1,0,Axumite_Gd,100,0,0,0,1,0,-1,1,0,200,480,600,50,200,200,0,0,0,0,0,0,0,0,0,0,0,0,0,100,0,0,0,0,0,100,0,0,100,,,-1,2600,3,-100,4.5,275,,,,,0,0,0,0,,,,,,,,,,,,,,,,,,,,,,,,
Axumite_Foot,616,Allies,2,Warriors,Pikes,12,60,25,200,20,55,0,1,10,600,1,0,Axumite_Foot,100,0,0,0,1,0,-1,1,0,200,720,900,50,100,100,0,0,0,0,0,0,0,0,0,0,0,0,0,100,0,0,0,0,0,100,0,0,100,,,-1,2500,3,-100,4.5,275,,,,,0,0,0,0,,,,,,,,,,,,,,,,,,,,,,,,
Axu_light_javelins,617,Allies,2,Light_Foot,ArchersTurkish,4,60,25,200,20,24,0,1,12,600,1,0,Axu_light_javelins,100,0,0,0,0,0,-1,1,0,200,240,300,0,100,100,0,0,0,0,0,0,0,0,0,100,0,0,0,0,0,0,0,0,100,0,0,0,100,,,-1,2600,3,-100,4.5,275,,,,,0,0,0,0,,,,,,,,,,,,,,,,,,,,,,,,
Kardakes_Hoplites,618,Allies,2,Undrilled_Heavy_Foot,Pikes,8,60,25,200,20,42,0,1,10,600,1,0,Hoplites_Kardakes,100,0,0,0,1,0,-1,1,0,200,480,600,50,100,100,0,0,0,0,0,0,0,0,0,0,0,0,0,0,0,0,100,0,0,0,0,0,100,,,-1,2500,3,-100,4.5,275,,,,,0,0,0,0,,,,,,,,,,,,,,,,,,,,,,,,

// BELLUM PUNICUM CUSTOM UNITS
BP_African_Levy,620,Allies,2,Heavy_Foot,Pikes,8,60,25,200,20,55,0,1,10,600,1,0,African_Spearmen,100,0,0,0,1,0,-1,1,0,200,480,600,0,50,50,0,0,0,0,0,0,0,0,0,0,0,0,0,0,0,0,100,0,0,0,0,0,100,,,-1,2500,3,-100,4.5,275,,Vet_African_Spearmen,,,0,0,0,0,,,,,,,,,,,,,,,,,,,,,,,,
BP_African_Seasoned,621,Allies,2,Heavy_Foot,Pikes,8,60,25,200,20,55,0,1,10,600,1,0,African_Spearmen,100,0,0,0,1,0,-1,1,0,200,480,600,50,100,100,0,0,0,0,0,0,0,0,0,0,0,0,0,0,0,0,100,0,0,0,0,0,100,,,-1,2500,3,-100,4.5,275,,Vet_African_Spearmen,,,0,0,0,0,,,,,,,,,,,,,,,,,,,,,,,,
BP_African_Veteran,622,Allies,2,Heavy_Foot,Pikes,8,60,25,200,20,55,0,1,10,600,1,0,African_Spearmen,100,0,0,0,1,0,-1,1,0,200,480,600,50,200,200,0,0,0,0,0,0,0,0,0,0,0,0,0,0,0,0,100,0,0,0,0,0,100,,,-1,2500,3,-100,4.5,275,,Vet_African_Spearmen,,,0,0,0,0,,,,,,,,,,,,,,,,,,,,,,,,
BP_African_Elite,623,Allies,2,Heavy_Foot,Pikes,8,60,25,200,20,55,0,1,10,600,1,0,African_Spearmen,100,0,0,0,1,0,-1,1,0,200,480,600,100,300,300,0,0,0,0,0,0,0,0,0,0,0,0,0,0,0,0,100,0,0,0,0,0,100,,,-1,2500,3,-100,4.5,275,,Vet_African_Spearmen,,,0,0,0,0,,,,,,,,,,,,,,,,,,,,,,,,
BP_Legionary_Levy,624,Allies,2,Heavy_Foot,Pikes,8,60,25,200,20,60,0,1,10,600,1,0,legionaries_raw,100,0,0,0,1,0,-1,1,0,200,480,600,50,50,50,0,0,0,0,0,0,0,0,0,0,0,0,0,100,0,0,0,0,0,100,0,0,100,,,-1,2500,3,-100,4.5,275,,Hast_Princ_Vet,,,0,0,0,0,,,,,,,,,,,,,,,,,,,,,,,,
BP_Legionary_Seasoned,625,Allies,2,Heavy_Foot,Pikes,8,60,25,200,20,60,0,1,10,600,1,0,hast_princ_vet,100,0,0,0,1,0,-1,1,0,200,480,600,75,150,150,0,0,0,0,0,0,0,0,0,0,0,0,0,100,0,0,0,0,0,100,0,0,100,,,-1,2500,3,-100,4.5,275,,Hast_Princ_Vet,,,0,0,0,0,,,,,,,,,,,,,,,,,,,,,,,,
BP_Legionary_Veteran,626,Allies,2,Heavy_Foot,Pikes,8,60,25,200,20,60,0,1,10,600,1,0,hast_princ_vet,100,0,0,0,1,0,-1,1,0,200,480,600,100,200,200,0,0,0,0,0,0,0,0,0,0,0,0,0,100,0,0,0,0,0,100,0,0,100,,,-1,2500,3,-100,4.5,275,,Hast_Princ_Vet,,,0,0,0,0,,,,,,,,,,,,,,,,,,,,,,,,
BP_Triarii_Elite,627,Allies,2,Heavy_Foot,Pikes,4,60,25,200,20,43,0,1,10,600,1,0,triarii,100,0,0,0,1,0,-1,1,0,200,240,300,100,300,300,1,0,0,0,0,0,0,0,0,0,0,0,0,0,0,0,100,0,0,0,0,0,100,,,-1,0,3,-100,18,620,,,,,0,
